date,ind,maxtp,ind,mintp,igmin,gmin,ind,rain,cbl,wdsp,ind,hm,ind,ddhm,ind,hg,sun,dos,g_rad,soil,pe,evap,smd_wd,smd_md,smd_pd
01-Jan-19,0,9.2,0,1.8,0,6.9,0,0.2,1027.8,7.5,0,11,0,260,0,19,0.1,0,95,7.5,0.3,0.4,3.1,3.1,-3.7
02-Jan-19,0,7.6,0,1.6,1,-1,0,0,1032.6,4.2,0,9,0,180,0,12,0,0,123,5.95,0.5,0.6,3.6,3.6,-3
03-Jan-19,0,7.9,0,4.9,1,-1.6,2,0,1031.1,4,0,9,0,160,0,12,0,0,114,5.95,0.5,0.6,4,4,-2.4
04-Jan-19,0,6.5,0,4.6,0,4.2,0,0,1030.9,4.8,0,8,0,160,0,12,0,0,68,5.55,0.7,0.9,4.7,4.7,-1.5
05-Jan-19,0,8.4,0,2,1,-1.9,0,0,1027.7,5.2,0,9,0,230,0,16,1.1,0,156,5.375,0.4,0.5,5.1,5.1,-1.1
06-Jan-19,0,10.1,0,7.8,0,5.3,0,0,1025.3,5.2,0,9,0,240,0,14,0.2,0,128,6.825,0.5,0.7,5.7,5.7,-0.5
07-Jan-19,0,11.3,0,5.3,0,5.9,0,0.2,1021.2,12.7,0,20,0,260,0,31,0,0,80,7.85,0.6,0.8,6,6,-0.1
08-Jan-19,0,8.3,0,1.2,0,3.4,3,0,1023,9.6,0,16,0,290,0,21,4.9,0,308,5.45,0.4,0.4,6.4,6.4,0.3
09-Jan-19,0,8.1,0,1.9,1,-2.8,2,0,1023.2,5.9,0,9,0,290,0,13,3.5,0,264,5.025,0.2,0.3,6.5,6.5,0.5
10-Jan-19,0,10.1,0,5.7,1,-0.8,0,2.1,1022.7,6.4,0,9,0,280,0,13,0,0,159,6.775,0.3,0.4,4.7,4.7,-1.3
11-Jan-19,0,9.8,0,6.7,0,6.2,2,0,1020.6,8.5,0,17,0,260,0,28,0.4,0,143,7.05,0.5,0.6,5.2,5.2,-0.8
12-Jan-19,0,10.1,0,7.1,0,6.3,0,0.2,1014.3,17,0,25,0,270,0,33,0.1,0,181,7.575,0.6,0.8,5.5,5.5,-0.3
13-Jan-19,0,10.8,0,5.3,0,6.9,0,0.4,1007.9,18.8,0,26,0,280,0,36,1,0,199,7.575,0.7,1,5.8,5.8,0
14-Jan-19,0,8.2,0,5.3,0,3.8,2,0,1011.6,9.8,0,14,0,270,0,19,0.6,0,214,6.2,0.5,0.6,6.3,6.3,0.5
15-Jan-19,0,9.5,0,6.9,0,5.7,2,0,1002.8,9.3,0,14,0,220,0,24,0.3,0,208,6.95,0.5,0.6,6.8,6.8,1
16-Jan-19,0,8.8,0,1.2,0,2.9,0,0.3,993.3,9.8,0,24,0,290,0,32,4.2,0,343,6.075,0.3,0.4,6.8,6.8,1
17-Jan-19,0,3.5,1,-1.1,1,-2.5,3,0,1002.2,8.5,0,16,0,310,0,22,3.8,0,310,2.725,0.3,0.4,7.1,7.1,1.4
18-Jan-19,0,9.1,0,2.5,1,-2.9,0,1.7,998.8,8.2,0,20,0,150,0,31,0.5,0,198,4.3,0.8,0.9,6.1,6.1,0.4
19-Jan-19,0,7.1,0,3.8,1,-0.7,0,1.9,997.3,4.2,0,9,0,300,0,12,0.9,0,222,5.375,0.2,0.3,4.4,4.4,-1.2
20-Jan-19,0,7.5,1,-1,0,3.4,0,0.1,1009.1,8.2,0,16,0,330,0,24,0.7,0,220,5.15,0.3,0.5,4.6,4.6,-0.9
21-Jan-19,0,6.5,1,-2.4,1,-5,0,2.3,1005.7,9.5,0,23,0,270,0,35,0,0,150,2.7,0.4,0.6,2.7,2.7,-2.8
22-Jan-19,0,4.1,1,-0.1,1,-0.4,3,0,992.2,11.3,0,17,0,270,0,24,2.6,0,327,2.35,0.4,0.5,3.1,3.1,-2.3
23-Jan-19,0,4.5,1,-0.6,1,-1.7,2,0,994.2,9.1,0,14,0,270,0,19,0,0,136,2.025,0.3,0.4,3.4,3.4,-1.9
24-Jan-19,0,10.2,0,4.2,0,0.2,0,2.7,1000.8,8.8,0,17,0,280,0,22,0.4,0,134,5.075,0.3,0.5,1,1,-4.1
25-Jan-19,0,10.7,0,7.6,0,5.5,2,0,1002.8,13,0,20,0,260,0,28,0.3,0,213,7.525,0.6,0.8,1.6,1.6,-3.3
26-Jan-19,0,9.9,0,3.9,0,5.7,0,7.7,987.5,11.9,0,30,0,330,0,43,0.6,0,175,7.2,0.6,0.8,0,-5.5,-10
27-Jan-19,0,5.7,0,0.1,0,0.7,2,0,988.8,17.3,0,32,0,330,0,45,5.5,0,490,3.725,0.8,1,0.8,0.8,-8.7
28-Jan-19,0,6.2,1,-0.7,1,-2.8,2,0,998.1,9,0,14,0,260,0,20,4.8,0,453,2.8,0.4,0.5,1.2,1.2,-7.9
29-Jan-19,0,3.9,1,-0.4,1,-0.1,0,3,990.1,11.7,0,22,0,280,0,28,3.7,0,370,3.075,0.4,0.5,0,-1.5,-10
30-Jan-19,0,3.4,1,-3.4,1,-2.8,3,0,985.1,8.5,0,16,0,260,0,27,6.6,0,540,1.9,0.4,0.5,0.4,0.4,-9.1
31-Jan-19,0,4,1,-5.8,1,-10.2,0,4,978.9,11.7,0,20,0,100,0,31,0,0,73,0.875,0.8,0.8,0,-2.8,-10
01-Feb-19,0,4.1,1,-1.2,1,-1.7,2,0,987.1,11.7,0,18,0,350,0,27,5.6,0,524,1.95,0.7,0.9,0.7,0.7,-8.8
02-Feb-19,0,4.9,1,-3.8,1,-8.4,3,0,1001.9,8.8,0,14,0,290,0,18,7.7,0,592,1.375,0.5,0.7,1.2,1.2,-7.9
03-Feb-19,0,9,1,-0.3,1,-5.3,0,0.9,1003.8,9.6,0,16,0,200,0,26,0.1,0,295,2.375,0.6,0.7,0.8,0.8,-7.8
04-Feb-19,0,9.5,1,-2.1,0,2.9,2,0,1003.3,9.9,0,25,0,280,0,33,6.9,0,557,4.825,0.3,0.5,1.1,1.1,-7.1
05-Feb-19,0,12.9,1,-2,1,-7.2,0,2.3,1004.1,9.8,0,18,0,150,0,26,0,0,153,4.425,0.6,0.8,0,-0.6,-8.5
06-Feb-19,0,10.8,0,3.1,0,0.4,0,3.8,995,8.8,0,15,0,210,0,22,4.4,0,500,4.8,0.9,1.1,0,-2.9,-10
07-Feb-19,0,8.9,0,0.6,1,-0.3,0,5.6,988.6,12.3,0,29,0,280,0,39,4.7,0,540,4.725,0.5,0.7,0,-5.1,-10
08-Feb-19,0,11,0,3.4,0,4.2,0,11.2,977.3,17.7,0,25,0,220,0,45,5.1,0,565,6.125,0.9,1.3,0,-10,-10
09-Feb-19,0,8.6,0,2.4,0,0.7,0,1.4,978.8,13.8,0,34,0,260,0,52,7.2,0,603,4.875,0.9,1.2,0,-0.5,-10
10-Feb-19,0,7.1,0,1.2,1,-1.6,0,2.6,992.5,14,0,28,0,290,0,39,6.4,0,617,3.975,0.6,0.9,0,-2,-10
11-Feb-19,0,8.9,0,2.1,0,0.2,3,0,1010.7,7.1,0,16,0,290,0,20,4,0,544,4.525,0.5,0.7,0.5,0.5,-9
12-Feb-19,0,12.5,0,6.3,0,1.6,0,0,1016.1,10.2,0,16,0,220,0,29,0,0,320,6.475,0.9,1.1,1.4,1.4,-7.7
13-Feb-19,0,11.3,0,9,0,8.2,2,0,1014.9,12.2,0,18,0,200,0,27,0.5,0,336,7.675,1.1,1.4,2.5,2.5,-6.1
14-Feb-19,0,12.8,0,2,0,3.1,3,0,1014.6,5.5,0,15,0,210,0,23,7.1,0,708,7.475,0.7,1,3.2,3.2,-5.1
15-Feb-19,0,15.6,1,-0.3,1,-4.3,0,0,1008.2,12.6,0,21,0,210,0,34,6.1,0,691,6.35,1.1,1.5,4.3,4.3,-3.7
16-Feb-19,0,12.5,0,6.8,0,3.9,2,0,1001.2,12,0,20,0,200,0,33,1.6,0,479,7.325,1.2,1.5,5.4,5.4,-2.4
17-Feb-19,0,11.6,0,7.7,0,7.7,0,0.1,994.5,14.6,0,21,0,170,0,31,5.9,0,794,8.3,1.2,1.6,6.5,6.5,-1.1
18-Feb-19,0,10,0,5.3,0,2.5,2,0,998.5,11.7,0,17,0,210,0,28,4.9,0,654,6.45,1.2,1.5,7.6,7.6,0.1
19-Feb-19,0,10.3,0,3.7,0,0.8,0,2.2,1000.4,10.4,0,16,0,210,0,30,0.1,0,223,5.875,0.8,1.1,6.1,6.1,-1.3
20-Feb-19,0,13.3,0,9.9,0,6.1,2,0,1000,13.1,0,20,0,210,0,32,0.8,0,443,8.4,1.1,1.4,7.2,7.2,-0.1
21-Feb-19,0,14.2,0,9.5,0,8.6,0,0,1008.4,10.8,0,18,0,170,0,26,8,0,844,9.55,1.3,1.7,8.4,8.4,1.2
22-Feb-19,0,14.8,0,8.7,0,5.9,0,0,1015.1,11.5,0,24,0,170,0,34,0.1,0,370,8.775,1.8,2.1,10,10,3
23-Feb-19,0,13.8,0,0.3,0,7.8,0,0.2,1017.9,9.5,0,18,0,150,0,27,1.1,0,331,8.275,0.8,1.1,10.6,10.6,3.6
24-Feb-19,0,10.5,1,-0.4,1,-4.7,2,0,1022.6,7.3,0,15,0,130,0,22,0.1,0,403,6.9,0.5,0.7,11,11,4.1
25-Feb-19,0,14.7,0,2.5,1,-0.9,3,0,1021.8,6.3,0,11,0,150,0,17,6.6,0,857,7.55,1.1,1.5,12.1,12.1,5.2
26-Feb-19,0,14.5,1,-0.8,1,-4.9,3,0,1018.5,4.7,0,10,0,130,0,17,10,0,1036,6.65,1.1,1.5,13,13,6.2
27-Feb-19,0,13.2,1,-1.9,1,-5.7,3,0,1011,4.5,0,12,0,270,0,15,7.1,0,880,6.45,0.8,1.2,13.7,13.7,7.1
28-Feb-19,0,11.2,0,5.3,0,3.4,0,0.2,1005.5,6.3,0,14,0,270,0,19,0.3,0,313,7.7,0.7,0.9,14.2,14.2,7.6
01-Mar-19,0,15,0,5,0,3.9,0,5.9,1003.4,5.9,0,11,0,140,0,18,5.8,0,838,8.775,1.2,1.7,9.3,9.3,2.9
02-Mar-19,0,12.4,0,5,0,2.9,0,2.6,991.4,12.2,0,23,0,210,0,40,1.4,0,279,7.925,1.1,1.4,7.7,7.7,1.4
03-Mar-19,0,7,1,-0.2,0,3.6,0,22,979.7,10.3,0,17,0,10,0,28,0,0,121,4.875,0.7,1,0,-10,-10
04-Mar-19,0,6.8,0,0.7,1,-0.8,0,0.6,981,10.2,0,21,0,260,0,29,4.8,0,737,3.6,0.7,1.2,0.1,0.1,-9.4
05-Mar-19,0,10.6,0,3.3,0,1.1,0,13.3,979.8,12.9,0,19,0,230,0,31,5.5,0,847,5.225,1.2,1.7,0,-10,-10
06-Mar-19,0,11.6,0,4.4,0,5.4,0,1.4,971.2,12.5,0,21,0,280,0,29,0.8,0,433,6.8,1,1.4,0,-0.4,-9.9
07-Mar-19,0,10,0,2.7,0,2.3,0,1.9,985.8,17.2,0,27,0,270,0,38,2,0,584,5.25,1.3,1.9,0,-0.6,-10
08-Mar-19,0,10.4,0,1.8,1,-0.4,0,1.5,994.6,10.2,0,22,0,270,0,32,0.3,0,463,4.9,0.7,1.1,0,-0.8,-10
09-Mar-19,0,9.6,0,3.8,0,3.1,0,4.2,997.5,13.2,0,27,0,270,0,42,4.7,0,896,5.725,1.4,2,0,-2.8,-10
10-Mar-19,0,6.8,0,0.4,0,1.9,0,5.4,999.7,13.7,0,36,0,280,0,45,7.6,0,1093,5.025,1.1,1.8,0,-4.3,-10
11-Mar-19,0,10.7,0,0.8,1,-1.3,0,0.4,1002.2,13.8,0,23,0,190,0,38,4.5,0,792,4.3,1.1,1.7,0.7,0.7,-8.8
12-Mar-19,0,11.2,0,3.7,0,3.2,0,4.6,987.5,17.4,0,27,0,260,0,45,4.9,0,1000,6.175,1.4,2.2,0,-2.5,-10
13-Mar-19,0,9.6,0,5.1,0,3.5,0,0.6,995.5,23.1,0,33,0,270,0,47,6.3,0,1062,5.95,1.5,2.6,0.9,0.9,-8.6
14-Mar-19,0,11,0,6.9,0,6.1,0,8.4,992.2,18.3,0,30,0,280,0,41,4.2,0,913,7.425,1.2,2,0,-6.3,-10
15-Mar-19,0,11.3,0,5.1,0,6,0,6.2,993.4,17.3,0,29,0,270,0,42,5.2,0,1102,8.1,1.1,2,0,-5.1,-10
16-Mar-19,0,11.8,0,2.2,0,4.7,0,10.9,984.2,16.1,0,27,0,270,0,41,1.1,0,686,7.825,0.9,1.5,0,-10,-10
17-Mar-19,0,10.7,0,0.6,1,-0.3,0,0.2,997.8,15.2,0,26,0,300,0,33,6.6,0,1137,5.25,1.5,2.4,1.3,1.3,-8.2
18-Mar-19,0,11.5,0,4.1,0,3.2,0,0.4,1010.8,11.4,0,18,0,270,0,25,1.2,0,933,6.6,1.2,1.9,2.1,2.1,-6.9
19-Mar-19,0,13.6,0,6.2,0,5.7,0,0.8,1015.7,8.2,0,12,0,250,0,22,2.6,0,755,8.325,1.2,1.7,2.5,2.5,-6.2
20-Mar-19,0,16.8,0,8.1,0,8,0,0.4,1018.5,7.2,0,14,0,270,0,20,3.5,0,1003,10.4,1.4,2,3.5,3.5,-4.9
21-Mar-19,0,13.1,0,9.6,0,9,2,0,1018.8,6.8,0,12,0,200,0,20,0.5,0,716,10.625,1.3,1.8,4.8,4.8,-3.3
22-Mar-19,0,11.4,0,4.8,0,6.9,0,0.6,1014.4,11.7,0,18,0,200,0,29,0.1,0,484,9.2,1.2,1.7,5.3,5.3,-2.6
23-Mar-19,0,9.8,0,2.3,0,0,0,0,1021.7,5.1,0,11,0,270,0,14,5.5,0,1206,7.5,1.5,2.1,6.7,6.7,-1
24-Mar-19,0,10.4,0,1.8,1,-0.6,0,0,1021.7,13.3,0,24,0,280,0,33,7.1,0,1316,7.05,1.6,2.6,8.2,8.2,0.7
25-Mar-19,0,11.6,0,3.9,0,2.3,0,0,1024.3,7.3,0,14,0,290,0,18,4.8,0,1129,8.175,1.5,2.1,9.6,9.6,2.2
26-Mar-19,0,13.2,0,2.9,1,-0.5,0,0,1024.6,7,0,15,0,280,0,21,8.1,0,1531,8.35,1.8,2.6,11.2,11.2,4
27-Mar-19,0,13,0,1.7,1,-1.4,3,0,1025.4,5.9,0,13,0,280,0,20,6.1,0,1452,9.075,1.6,2.4,12.7,12.7,5.6
28-Mar-19,0,16.1,0,0.8,1,-3,3,0,1023.2,5.3,0,9,0,220,0,16,11.4,0,1780,9.825,2.1,3,14.6,14.6,7.8
29-Mar-19,0,12.8,0,2.4,0,1,3,0,1016.1,5.3,0,12,0,270,0,17,9.8,0,1638,10.35,1.7,2.4,16,16,9.4
30-Mar-19,0,12.2,0,0.5,1,-1.6,0,0.2,1013.7,7.5,0,13,0,20,0,18,3.4,0,684,9.225,1.2,1.7,16.9,16.9,10.4
31-Mar-19,0,10.4,1,-2.1,1,-5.9,2,0,1015.2,8.3,0,14,0,80,0,21,2.8,0,931,7.475,1.2,1.7,17.8,17.8,11.6
01-Apr-19,0,12.5,0,5.2,0,2.6,0,2.7,1006.6,7.4,0,15,0,280,0,20,1.5,0,814,9.175,1.4,2,16.3,16.3,10.3
02-Apr-19,0,8.2,0,0.8,1,-0.8,0,0.5,995.7,12.5,0,20,0,280,0,27,7.8,0,1483,7.175,1.4,2.4,17,17,11.2
03-Apr-19,0,7.8,0,1.1,0,0.1,0,8,988.9,15.1,0,24,0,320,0,33,4.4,0,933,5.35,1.2,2,10,10,4.4
04-Apr-19,0,8.1,0,1.5,0,1.1,0,12.5,980.3,13,0,22,0,50,0,30,3.3,0,1086,5.775,1.4,2.2,0,-1.2,-6.8
05-Apr-19,0,8.8,1,-0.3,1,-4.8,0,2.2,987.6,6.7,0,13,0,80,0,21,0.5,0,654,5.55,0.8,1.2,0,-1.4,-7.8
06-Apr-19,0,10.3,0,1,0,5.1,0,0.6,996.6,9.4,0,15,0,80,0,25,6.1,0,1500,8.4,1.3,2.2,0.7,0.7,-6.7
07-Apr-19,0,11.4,1,-0.8,1,-4.1,3,0,999.1,9.2,0,17,0,80,0,22,7,0,1481,7.625,1.5,2.4,2.2,2.2,-4.9
08-Apr-19,0,9.4,0,6.4,0,4.3,0,2.8,1001.4,7.6,0,14,0,70,0,22,0,0,223,7.95,0.6,0.8,0,-0.1,-6.9
09-Apr-19,0,10.5,0,5.1,0,6.9,0,0.2,1006.3,11.6,0,18,0,80,0,24,5,0,1429,8.875,1.5,2.5,1.3,1.3,-5.2
10-Apr-19,0,8.9,0,1.2,0,3.1,3,0,1011.9,9,0,14,0,80,0,20,12,0,2049,8.55,1.8,3.1,3.1,3.1,-3.2
11-Apr-19,0,11.6,1,-2,1,-6.1,3,0,1014.7,3.2,0,9,0,290,0,12,3,0,1117,7.925,1.4,1.9,4.5,4.5,-1.6
12-Apr-19,0,9.9,0,0.2,1,-4.8,3,0,1014.6,7.2,0,12,0,150,0,18,2.7,0,922,7.325,1.2,1.8,5.7,5.7,-0.3
13-Apr-19,0,8.7,0,6.6,0,3.6,0,0,1012.8,14.7,0,22,0,150,0,32,5.1,0,1617,8.25,2.3,3.7,7.9,7.9,2.1
14-Apr-19,0,7.6,0,5.1,0,5.2,0,0,1011.5,15,0,20,0,130,0,32,0.1,0,577,7.35,1.9,2.7,9.7,9.7,4
15-Apr-19,0,9.6,0,4.5,0,3.4,0,15.8,1004.3,16.7,0,24,0,120,0,38,0,0,287,6.425,1.3,1.9,0,-4.9,-10
16-Apr-19,0,9.6,0,4.4,0,4.6,0,2.6,1005.5,7.8,0,12,0,140,0,20,0.3,0,548,7.925,0.7,1.2,0,-1.9,-10
17-Apr-19,0,12.5,1,-0.8,1,-3.9,3,0,1009.3,6.3,0,10,0,100,0,15,2.3,0,1408,8.7,1.4,2.2,1.4,1.4,-8.1
18-Apr-19,0,14.9,0,3.7,1,-0.2,3,0,1013.6,5.5,0,9,0,80,0,13,10,0,1822,10.625,2.1,3,3.5,3.5,-5.5
19-Apr-19,0,19,0,2.5,0,0,3,0,1018.6,4.8,0,11,0,110,0,16,6.1,0,1650,11.725,2.3,3.2,5.8,5.8,-2.9
20-Apr-19,0,20.4,0,5.6,0,1.3,0,0,1018.3,4.3,0,9,0,100,0,12,10.5,0,1935,13.725,2.8,3.9,8.5,8.5,0.1
21-Apr-19,0,21.7,0,8.2,0,5.2,0,0,1007.2,6.7,0,17,0,190,0,24,12.2,0,2117,14.9,3.6,4.8,11.8,11.8,3.7
22-Apr-19,0,19.3,0,5.4,0,1.2,3,0,994.2,7.7,0,14,0,140,0,21,11.3,0,1994,14.375,3.1,4.3,14.6,14.6,6.8
23-Apr-19,0,17.1,0,6.5,0,3.6,2,0,986.4,5.7,0,12,0,80,0,18,5,0,1531,14.275,2.4,3.2,16.7,16.7,9.2
24-Apr-19,0,14.6,0,7.9,0,8.1,0,7.8,981,6.2,0,11,0,90,0,16,0.2,0, ,13.475,1.3,1.8,10,10,2.7
25-Apr-19,0,11,0,6.9,0,2.8,0,2.7,984.7,6.9,0,12,0,130,0,19,0.1,0, ,10.75,1.6,2.4,8.8,8.8,1.6
26-Apr-19,0,11.5,0,5.4,0,5.6,0,4.8,985.2,11.8,0,22,0,190,0,37,0.2,0, ,9.825,1.5,2.3,5.3,5.3,-1.7
27-Apr-19,0,11.7,0,5,0,4.1,0,8,995.2,24,0,35,0,290,0,46,6.9,0,1954,8.875,2.8,5.2,0,0,-6.8
28-Apr-19,0,11.3,0,4.6,0,1.9,2,0,1011.3,5.5,0,11,0,270,0,14,0,0,817,9.025,2.4,2.7,2.4,2.4,-4
29-Apr-19,0,11.4,0,8.8,0,3.9,0,1.2,1012.8,9.1,0,13,0,140,0,19,0,0, ,10.9,1.1,1.7,2.3,2.3,-4
30-Apr-19,0,12.4,0,8.3,0,9,0,2.2,1010.5,7.3,0,13,0,150,0,19,0.1,0, ,10.825,1,1.4,1.1,1.1,-5
01-May-19,0,14.9,0,6.9,0,6.1,0,0.2,1007.8,8.5,0,14,0,270,0,19,7,0,1773,11.7,2.4,3.6,3.3,3.3,-2.5
02-May-19,0,14.1,0,6.1,0,7.4,0,1.4,1005.8,9.4,0,17,0,310,0,23,1.9,0,1342,11.425,1.9,2.9,3.8,3.8,-1.8
03-May-19,0,11.4,0,2.8,0,1.2,0,0,1008.1,9.5,0,15,0,320,0,21,2.8,0,1241,10.45,1.9,2.8,5.6,5.6,0.2
04-May-19,0,11.2,0,0.3,0,0.1,2,0,1014.5,8.9,0,16,0,30,0,26,10.1,0,2325,10.175,2.6,4.1,8.1,8.1,2.8
05-May-19,0,11,1,-0.8,1,-4,3,0,1017,6.2,0,11,0,340,0,17,4.6,0,1621,9.8,2,2.9,10,10,4.8
06-May-19,0,11.6,0,1.4,1,-1.4,0,0,1011.5,4.8,0,9,0,140,0,12,3,0,1505,10.95,2,2.8,11.8,11.8,6.8
07-May-19,0,11.5,0,4.4,0,2.7,0,0.2,999.2,6.2,0,13,0,80,0,20,3.9,0,1292,10.675,1.8,2.5,13.2,13.2,8.4
08-May-19,0,8.9,0,7.1,0,3.8,0,4.8,985.7,14.8,0,22,0,60,0,32,0,0,410,9.125,0.9,1.5,9.2,9.2,4.6
09-May-19,0,9.1,0,5.9,0,6.2,0,13.7,990.2,6.9,0,12,0,80,0,18,0.9,0,678,9.425,1,1.5,0,-3.6,-8.1
10-May-19,0,11.9,0,1.7,1,-1.1,0,0.1,999.2,5.1,0,11,0,80,0,14,5.8,0,1645,10.275,2,2.9,1.9,1.9,-5.8
11-May-19,0,13.7,0,1.6,1,-1.4,3,0,1012.9,7.8,0,13,0,320,0,21,8.4,0,2282,10.775,2.8,4.2,4.6,4.6,-2.8
12-May-19,0,15.2,0,1.2,1,-4,3,0,1024.4,7.2,0,12,0,140,0,18,7.3,0,2032,11.675,2.5,3.8,7.1,7.1,-0.1
13-May-19,0,18,0,6.7,0,3.2,0,0,1026.7,7.2,0,13,0,130,0,21,14.2,0,2582,14.075,3.9,5.4,10.7,10.7,3.8
14-May-19,0,17.8,0,2.9,1,-1,3,0,1022,6.8,0,13,0,130,0,19,12.8,0,2711,15.175,3.5,5.1,13.9,13.9,7.3
15-May-19,0,17.6,0,3.4,1,-0.3,0,0,1014.9,6.7,0,13,0,130,0,21,8.9,0,2132,15.325,3.1,4.4,16.6,16.6,10.5
16-May-19,0,15.4,0,3.9,0,1.4,0,0,1008.7,6.2,0,14,0,90,0,17,3,0,1789,14.975,2.4,3.4,18.6,18.6,12.8
17-May-19,0,13.9,0,7,0,3.1,0,0.4,1003,8.1,0,14,0,80,0,21,1.4,0,1042,12.6,1.8,2.6,19.7,19.7,14.2
18-May-19,0,13.1,0,7,0,4.4,2,0,999.2,7.5,0,14,0,290,0,18,2.1,0,1109,12.9,1.7,2.4,21.1,21.1,15.8
19-May-19,0,13.7,0,5.1,0,6.2,0,0.2,1002.2,7.5,0,14,0,330,0,21,0.1,0,965,12.375,1.6,2.3,22.1,22.1,17
20-May-19,0,15.4,0,3.5,1,-0.2,0,0.5,1006.5,6.3,0,12,0,10,0,20,8.4,0,2017,13.025,2.6,3.7,23.7,23.7,18.9
21-May-19,0,15.7,0,2,1,-2.4,3,0,1010,5.1,0,11,0,90,0,14,9.8,0,2053,13.675,2.5,3.6,25.7,25.7,21.2
22-May-19,0,14.6,0,8.7,0,8.1,0,0,1008.2,4.7,0,10,0,80,0,17,1.2,0,1412,14.85,2.2,3,27.4,27.4,23.2
23-May-19,0,16.8,0,9.5,0,6.5,0,0.1,1006.6,4.4,0,9,0,280,0,13,0.4,0,985,14.475,1.9,2.5,28.6,28.6,24.7
24-May-19,0,17.5,0,10.7,0,10.6,0,0.3,1008.8,6.8,0,11,0,280,0,16,1.4,0,1351,15.15,2.2,3.1,30,30,26.3
25-May-19,0,18.6,0,10.5,0,8.7,2,0,1007.1,7.2,0,13,0,260,0,23,0.1,0,1112,15.1,2.1,2.8,31.5,31.5,28
26-May-19,0,17.3,0,10.9,0,13.6,0,0.4,1002.5,15.3,0,24,0,280,0,31,6,0,1949,16.275,3,4.7,33.2,33.2,30
27-May-19,0,15.6,0,7.8,0,8.1,0,8.3,999.7,11.7,0,22,0,290,0,32,4.2,0,1474,13.85,2.3,3.5,26.5,26.5,23.5
28-May-19,0,15.2,0,7.1,0,6.3,0,0,1003.8,8,0,15,0,320,0,21,4.8,0,1824,12.9,2.9,4.1,28.7,28.7,26
29-May-19,0,16.5,0,9.4,0,5.1,0,1.9,1003.6,8.2,0,13,0,250,0,25,0.1,0,964,13.475,1.8,2.6,28.1,28.1,25.7
30-May-19,0,20.9,0,13.8,0,13.2,0,0.4,1005.9,9.9,0,16,0,250,0,28,0.5,0,1064,14.925,2.5,3.3,29.6,29.6,27.4
31-May-19,0,18,0,10.3,0,13.1,0,0.5,1007.5,10.5,0,18,0,210,0,28,3.9,0,1663,15.575,2.6,3.9,31,31,29
01-Jun-19,0,18.6,0,5.7,0,2.1,0,1.9,1003.2,4.5,0,12,0,150,0,16,0.8,0,1268,14.675,2,2.8,30.6,30.6,28.8
02-Jun-19,0,18.1,0,10.4,0,12,0,0.3,993.5,12.2,0,20,0,210,0,35,5.9,0,2142,16.35,3.3,5,32.6,32.6,31.1
03-Jun-19,0,16.2,0,8.6,0,7.1,0,1.7,996.7,9.5,0,18,0,280,0,27,7.4,0,2011,14.75,3,4.5,33,33,31.8
04-Jun-19,0,11.9,0,7,0,5.1,0,24.2,992.9,6.2,0,11,0,120,0,19,0,0,546,12.925,2,2.2,10.3,10.3,9.2
05-Jun-19,0,11.9,0,8.3,0,8.6,0,1.6,992,11.3,0,19,0,280,0,24,0.5,0,1104,12.125,1.6,2.5,10.1,10.1,9.2
06-Jun-19,0,15.3,0,4.9,0,7.4,2,0,996.8,7.2,0,12,0,210,0,21,5,0,1874,13,2.7,3.9,12.5,12.5,11.8
07-Jun-19,0,14.3,0,2,1,-2.1,2,0,996.6,6.1,0,13,0,70,0,22,4.7,0,1538,12.375,2.1,3,14.4,14.4,13.9
08-Jun-19,0,16.5,0,8.1,0,8,0,0.1,1001.4,12.5,0,19,0,270,0,26,4.7,0,1872,13.75,3.1,4.6,16.9,16.9,16.8
09-Jun-19,0,16.3,0,7.8,0,6.5,0,2.7,1007.3,7.2,0,18,0,270,0,26,7.6,0,2014,14.075,3,4.3,16.8,16.8,16.9
10-Jun-19,0,15.1,0,8.1,0,6.1,0,0,1009.5,7.3,0,12,0,340,0,20,9,0,2328,14.675,3,4.4,19.4,19.4,19.7
11-Jun-19,0,15.4,0,7.6,0,6.3,0,0,1010.7,11.4,0,15,0,10,0,23,8.7,0,2292,15.2,3,4.8,21.8,21.8,22.4
12-Jun-19,0,11.1,0,9.4,0,8.2,0,5.1,1004.5,11.5,0,17,0,10,0,29,0,0,573,13.2,1.2,1.8,17.7,17.7,18.3
13-Jun-19,0,12.1,0,8.3,0,9.3,0,1.3,997.3,9.1,0,14,0,310,0,19,0.1,0,696,11.9,1.5,2.1,17.6,17.6,18.4
14-Jun-19,0,14,0,6.4,0,4,0,6.9,994.4,5.6,0,14,0,150,0,21,1.3,0,1082,11.8,1.7,2.3,12.1,12.1,13
15-Jun-19,0,16.4,0,8.4,0,8.4,0,10.5,996.9,6.5,0,14,0,270,0,19,3.9,0,1969,13.55,3,4.2,4.3,4.3,5.4
16-Jun-19,0,16.4,0,6.8,0,4,0,2.2,997.8,6.1,0,15,0,170,0,25,1.9,0,1485,13.875,2.3,3.2,4.3,4.3,5.5
17-Jun-19,0,18.2,0,9.4,0,6.4,0,0.2,1001.1,8.1,0,14,0,210,0,24,7.9,0,2033,14.075,3.3,4.6,7.2,7.2,8.6
18-Jun-19,0,17,0,8.1,0,4,0,0,1001.6,5.6,0,10,0,140,0,17,7.7,0,2105,14.85,2.9,4.2,10,10,11.5
19-Jun-19,0,16.7,0,9.6,0,6.6,0,0.6,998.8,7.8,0,19,0,300,0,23,3.4,0,1637,15.1,2.7,3.8,11.8,11.8,13.6
20-Jun-19,0,16.5,0,7.8,0,7.6,0,1.3,1001.8,8.3,0,16,0,290,0,21,8.7,0,1942,14.55,3,4.3,13.2,13.2,15.1
21-Jun-19,0,15.8,0,6.4,0,4.6,3,0,1008,6.7,0,11,0,150,0,16,7.4,0,1970,14.375,2.7,3.9,15.6,15.6,17.7
22-Jun-19,0,17.1,0,3.9,0,0.6,3,0,1009.3,6.3,0,12,0,90,0,18,12,0,2712,16.5,3.3,4.9,18.4,18.4,20.8
23-Jun-19,0,17.4,0,10.2,0,9,0,19.6,1006.2,8.1,0,17,0,70,0,24,0.1,0,705,15.425,1.6,2.2,0.2,0.2,2.7
24-Jun-19,0,18.3,0,11.4,0,12.6,0,2,1007.3,6.1,0,15,0,80,0,22,2.3,0,1396,16.225,2.2,3.1,0.4,0.4,2.9
25-Jun-19,0,18,0,10.9,0,8.4,0,0,1013.4,7.7,0,13,0,10,0,26,3.7,0,1442,17,2.3,3.3,2.6,2.6,5.1
26-Jun-19,0,17.6,0,11.2,0,7.5,0,0,1019.2,11.2,0,15,0,40,0,25,8.1,0,2193,16.825,2.9,4.6,5.5,5.5,8
27-Jun-19,0,18.5,0,11.7,0,10.5,0,0,1017.9,12.5,0,18,0,70,0,24,15.5,0,2960,18.25,4,6.3,9.2,9.2,12
28-Jun-19,0,22.7,0,12.6,0,11.3,0,0,1011.2,7.5,0,13,0,130,0,23,10,0,2383,19.95,4.1,5.6,13,13,16
29-Jun-19,0,20.9,0,13.3,0,10.4,0,0.3,1004.2,5.3,0,10,0,210,0,16,4.5,0,1450,19.45,2.7,3.6,15.1,15.1,18.3
30-Jun-19,0,19.8,0,12.5,0,11.3,0,0.4,1003.7,11.5,0,21,0,280,0,31,7,0,2158,18.55,3.5,5.2,17.8,17.8,21.1
01-Jul-19,0,18.2,0,7.8,0,11.3,0,0.4,1011.6,11.2,0,18,0,280,0,24,3.4,0,1579,17.325,2.6,3.9,19.5,19.5,23
02-Jul-19,0,16.9,0,7.5,0,3.9,0,0,1017.9,6.3,0,11,0,320,0,17,2,0,1359,16.975,2.3,3.2,21.4,21.4,25
03-Jul-19,0,18,0,4.4,0,0.6,3,0,1019.7,6,0,11,0,90,0,16,15.5,0,2996,18.675,3.8,5.4,24.5,24.5,28.2
04-Jul-19,0,22.2,0,6.2,0,3,3,0,1015.8,6.1,0,13,0,280,0,18,9.7,0,2298,19.575,3.7,5,27.3,27.3,31.2
05-Jul-19,0,20.1,0,9.6,0,6,3,0,1009.9,8.6,0,13,0,270,0,19,5.6,0,1710,18.7,2.8,4,29.4,29.4,33.4
06-Jul-19,0,16.8,0,11.3,0,12.8,0,0.8,1006.2,6.7,0,15,0,290,0,19,1,0,859,17.375,1.7,2.3,29.8,29.8,33.9
07-Jul-19,0,18.6,0,8.9,0,6.6,0,0,1008.7,5.9,0,10,0,90,0,17,13,0,2599,19.175,3.7,5.2,32.5,32.5,36.7
08-Jul-19,0,17.2,0,7.7,0,4.9,0,1.1,1010.4,3.9,0,7,0,110,0,10,0,0,896,18.025,1.6,2.2,32.6,32.6,36.8
09-Jul-19,0,22.6,0,13.5,0,13,0,0,1009.9,5.2,0,12,0,300,0,16,2.7,0,1658,19.175,3,4,34.7,34.7,39
10-Jul-19,0,20.4,0,13.5,0,10.5,0,6.8,1005.5,5.9,0,14,0,280,0,19,1.2,0,1118,18.725,2.2,2.9,29.4,29.4,33.8
11-Jul-19,0,21.1,0,13.6,0,13.2,0,1,1002,9.9,0,15,0,280,0,21,9.1,0,2287,18.775,3.5,5.2,31,31,35.5
12-Jul-19,0,18.2,0,12.9,0,11.7,2,0,1009,12.5,0,18,0,290,0,25,0.5,0,1307,17.45,2.5,3.7,32.8,32.8,37.4
13-Jul-19,0,19.1,0,8.8,0,12.2,2,0,1015.2,8.4,0,13,0,320,0,19,5.8,0,1808,17.9,2.8,4,34.8,34.8,39.4
14-Jul-19,0,18.5,0,7.1,0,4.1,3,0,1014.8,6.1,0,10,0,70,0,16,13.4,0,2636,19.075,3.3,4.8,37,37,41.7
15-Jul-19,0,23.2,0,8,0,5.1,3,0,1011.2,5.1,0,10,0,220,0,18,8.7,0,2316,21.05,3.7,5,39.5,39.5,44.2
16-Jul-19,0,22.3,0,15.2,0,13.4,2,0,1007.7,5.3,0,11,0,280,0,15,2,0,1233,20.55,2.8,3.6,41.3,41.3,46.1
17-Jul-19,0,20,0,12.6,0,10.8,0,1.9,1001.2,8,0,16,0,280,0,24,0.8,0,1044,18.35,2.1,2.9,40.7,40.7,45.6
18-Jul-19,0,20.6,0,12.2,0,10.1,2,0,998.7,9,0,16,0,270,0,23,7.2,0,1889,18.2,3.5,4.8,42.9,42.9,47.8
19-Jul-19,0,22.5,0,13.2,0,11,0,3.9,993.8,6.7,0,14,0,210,0,24,3.3,0,1336,18.55,2.7,3.5,40.6,40.6,45.6
20-Jul-19,0,18.6,0,13.6,0,13,0,0.7,996.2,9.5,0,17,0,280,0,23,1.4,0,1408,17.675,2.7,3.8,41.7,41.7,46.6
21-Jul-19,0,20,0,11.3,0,5.7,0,6.9,1002.8,10.1,0,16,0,200,0,30,1,0,774,16.825,1.6,2.2,35.7,35.7,40.7
22-Jul-19,0,24.9,0,17.8,0,16.5,0,0,1004.4,12.6,0,17,0,220,0,30,10.2,0,2449,19.9,4.5,6.4,38.8,38.8,43.9
23-Jul-19,0,23.1,0,14.7,0,12,0,0,1003.1,8.5,0,15,0,150,0,22,12.5,0,2623,21.45,4.1,5.8,41.4,41.4,46.5
24-Jul-19,0,24.2,0,15.7,0,13.6,0,0,999,7.8,0,13,0,160,0,20,4.9,0,1632,21.925,3.5,4.5,43.6,43.6,48.7
25-Jul-19,0,22.3,0,15.9,0,14.8,2,0,997.2,10.8,0,16,0,160,0,24,2.1,0,1482,20.775,2.8,4,45.3,45.3,50.5
26-Jul-19,0,22.7,0,13.2,0,15.8,0,0.1,997.8,8.6,0,16,0,190,0,23,4.6,0,1695,20.85,3.2,4.3,47.1,47.1,52.3
27-Jul-19,0,20.9,0,10,0,8.2,0,0,1000.5,8.2,0,12,0,350,0,21,8.9,0,2210,20.025,3.6,5,49.1,49.1,54.3
28-Jul-19,0,20.6,0,9.9,0,6.3,0,0,999,9.7,0,17,0,310,0,23,8.6,0,2080,19.1,3.4,4.8,51,51,56.2
29-Jul-19,0,20,0,12.2,0,10.2,0,1.6,997.4,5.5,0,13,0,160,0,17,5.8,0,1892,20.3,3.1,4.2,51,51,56.3
30-Jul-19,0,19,0,12.6,0,11.8,0,15.8,998.3,9.1,0,15,0,290,0,20,0.3,0,755,17.825,1.6,2.2,36.1,36.1,41.3
31-Jul-19,0,19.9,0,12.3,0,11.4,3,0,1004.1,10.1,0,15,0,280,0,20,1.7,0,1459,16.825,2.6,3.7,37.8,37.8,43.1
01-Aug-19,0,20.1,0,10.2,0,7.1,0,0,1009.7,5.5,0,9,0,280,0,13,11.8,0,2209,18.175,3.2,4.4,40,40,45.3
02-Aug-19,0,21.7,0,8.5,0,5,0,0,1009.9,6.2,0,13,0,100,0,16,13,0,2415,19.925,5.7,6.6,43.6,43.6,48.9
03-Aug-19,0,19.8,0,12.6,0,9.2,0,0.9,1005.8,6.8,0,12,0,150,0,18,0.4,0,891,18.775,1.8,2.4,43.7,43.7,49.1
04-Aug-19,0,20.7,0,13.6,0,13.4,0,5.9,998.5,6.9,0,13,0,170,0,20,4.6,0,1357,19.125,2.4,3.3,39.3,39.3,44.7
05-Aug-19,0,21.6,0,12.1,0,11,0,0.1,994,8.9,0,15,0,200,0,25,8.2,0,1850,17.825,3.2,4.4,41.2,41.2,46.7
06-Aug-19,0,18.8,0,13.7,0,13.1,0,5.4,991.1,8.9,0,18,0,280,0,26,2.3,0,1190,17.125,2.3,3.1,37.2,37.2,42.7
07-Aug-19,0,21.3,0,11.8,0,12.4,0,0.3,994.8,9.5,0,16,0,290,0,22,5.8,0,1566,16.875,2.9,4,38.9,38.9,44.4
08-Aug-19,0,19.1,0,11,0,8.7,0,2.9,994.5,8.8,0,19,0,100,0,28,6.6,0,1796,17.925,2.6,3.8,37.7,37.7,43.2
09-Aug-19,0,19,0,14.7,0,13.4,0,22.8,982.2,11.8,0,22,0,90,0,33,2.9,0,1066,17.65,1.8,2.7,16,16,21.5
10-Aug-19,0,19.1,0,13.9,0,15.5,0,14,984.2,10.9,0,18,0,240,0,31,0.4,0,897,16.975,1.8,2.6,3.6,3.6,9.2
11-Aug-19,0,17.7,0,8,0,11.8,0,2.6,998.9,11.4,0,17,0,300,0,23,2.7,0,1430,15.7,2.1,3.2,3,3,8.7
12-Aug-19,0,17.1,0,7.8,0,5.9,0,4.8,1005.6,6.5,0,17,0,270,0,24,8,0,1716,14.55,2.4,3.4,0.6,0.6,6.3
13-Aug-19,0,17.4,0,8,0,6.1,0,4.5,1004.8,5.5,0,9,0,280,0,16,6.3,0,1521,14.675,2.2,3,0,-1.9,3.8
14-Aug-19,0,21.3,0,13.6,0,13,0,2.8,997.8,9,0,22,0,280,0,30,1.7,0,1146,16.675,3.1,3.5,0.3,0.3,4.1
15-Aug-19,0,20,0,12.7,0,11.9,2,0,999.8,12.2,0,21,0,280,0,29,7,0,1739,16.3,4.1,4.7,4.3,4.3,8.2
16-Aug-19,0,22,0,13.4,0,13.2,0,13.3,993,10.2,0,18,0,190,0,28,3.5,0,1165,16.925,3.1,3.5,0,-6,-2.1
17-Aug-19,0,18.7,0,11.7,0,10.6,0,0.3,988.3,10,0,15,0,220,0,27,9.4,0,1895,15.875,4.3,5,4,4,2
18-Aug-19,0,17.9,0,11.4,0,10.3,0,0.7,991.8,11.1,0,17,0,260,0,28,5.3,0,1476,14.675,2.5,3.6,5.7,5.7,3.8
19-Aug-19,0,17.1,0,10.5,0,9.2,0,2.2,1002.2,10.6,0,18,0,280,0,26,8.3,0,1661,14.575,3.8,4.5,7.1,7.1,5.5
20-Aug-19,0,16.7,0,8.3,0,6.6,0,1.9,1010.3,7,0,10,0,250,0,19,4.1,0,1149,13.925,1.6,2.4,6.8,6.8,5.2
21-Aug-19,0,16.2,0,11.3,0,8.4,0,3.8,1010.2,9.2,0,17,0,200,0,28,2.3,0,755,14.025,1.4,2,4.3,4.3,2.8
22-Aug-19,0,20.5,0,13.7,0,12.5,0,0.3,1009,8.4,0,15,0,250,0,26,2.1,0,920,15.45,1.8,2.4,5.7,5.7,4.3
23-Aug-19,0,22.3,0,9.2,0,11.2,0,0,1009.7,6.4,0,14,0,200,0,21,9.5,0,1880,17.4,2.8,3.9,8.4,8.4,7.1
24-Aug-19,0,21.3,0,8.3,0,5.6,0,0,1006.1,6.6,0,13,0,150,0,19,7.9,0,1810,17.325,2.7,3.7,10.8,10.8,9.8
25-Aug-19,0,20.5,0,9.9,0,7.1,2,0,1007.2,4.8,0,10,0,270,0,15,3.8,0,1030,16.925,1.7,2.3,12.4,12.4,11.5
26-Aug-19,0,19.9,0,10.1,0,7.2,0,0,1007.5,5.5,0,11,0,150,0,16,11,0,1980,17.85,2.6,3.7,14.7,14.7,14.1
27-Aug-19,0,22,0,11.9,0,6.1,2,0,1002.3,6.5,0,13,0,200,0,20,6.7,0,1510,17.525,2.6,3.5,17,17,16.6
28-Aug-19,0,18.9,0,11.5,0,11.7,0,0.3,1000.5,8.7,0,15,0,240,0,26,5.3,0,1388,17.3,2.6,3.4,18.9,18.9,18.7
29-Aug-19,0,19.5,0,12.3,0,7.4,0,0.3,1003.2,10.2,0,17,0,210,0,32,2.5,0,1143,16.1,2.4,3.2,20.5,20.5,20.6
30-Aug-19,0,20.3,0,15.2,0,13.8,0,0.1,999.9,13.7,0,18,0,200,0,34,1.1,0,805,16.575,2.5,3.2,22.5,22.5,22.7
31-Aug-19,0,17.6,0,9.7,0,11.3,0,1.7,997.5,14.5,0,22,0,280,0,30,8.9,0,1819,16.55,2.3,3.8,22.7,22.7,23.1
01-Sep-19,0,17,0,8.4,0,6,0,0.2,1008,11.4,0,19,0,280,0,26,5.2,0,1480,14.8,2.4,3.4,24.3,24.3,25
02-Sep-19,0,16,0,10.7,0,7.5,0,2.3,1010.2,9.2,0,13,0,250,0,26,2.8,0,876,14.075,1.5,2.1,23.2,23.2,24
03-Sep-19,0,20.9,0,13.1,0,10.9,0,1.6,1007.2,9.4,0,15,0,270,0,25,1.8,0,971,15.5,2,2.7,23.2,23.2,24.1
04-Sep-19,0,16.2,0,8.1,0,7.9,0,1.7,1009.5,15.9,0,30,0,280,0,41,5.8,0,1331,13.9,2,3.2,22.7,22.7,23.8
05-Sep-19,0,18,0,6.9,0,5.5,2,0,1015.6,12.1,0,20,0,280,0,27,7.1,0,1531,13.4,2.5,3.6,24.7,24.7,26
06-Sep-19,0,17.2,0,10.3,0,11.1,0,1.6,1010.9,13.8,0,22,0,290,0,29,3.2,0,1251,14.375,2.1,3.1,24.7,24.7,26.1
07-Sep-19,0,17.2,0,6.5,0,8,3,0,1016,7.6,0,13,0,310,0,18,4.2,0,1159,14.35,1.8,2.5,26.1,26.1,27.6
08-Sep-19,0,18.3,0,9.3,0,2.2,0,0.2,1010.5,5,0,8,0,220,0,15,2.3,0,1077,15.225,1.7,2.3,27.2,27.2,28.8
09-Sep-19,0,16.7,0,6.8,0,11,0,3.8,1003.9,9.9,0,19,0,330,0,27,4.5,0,1310,15.025,1.7,2.6,24.7,24.7,26.4
10-Sep-19,0,16.2,0,6,0,4.3,2,0,1006.8,9.1,0,16,0,230,0,28,5,0,1126,12.7,1.4,2.1,25.8,25.8,27.6
11-Sep-19,0,18.5,0,13.2,0,12.4,0,0.2,1006.1,12.1,0,21,0,290,0,28,6.7,0,1419,15.8,2.2,3.2,27.3,27.3,29.2
12-Sep-19,0,20,0,7.1,0,12.2,0,0.7,1016.1,9.7,0,20,0,300,0,28,1.7,0,817,15.275,1.5,2.1,27.7,27.7,29.7
13-Sep-19,0,17.9,0,6.1,0,2.5,3,0,1025.2,6.1,0,12,0,280,0,13,10.3,0,1482,13.3,2,2.8,29.2,29.2,31.3
14-Sep-19,0,19.7,0,3.4,0,0.1,3,0,1019.9,7.1,0,13,0,250,0,25,10.7,0,1525,13.95,2.1,2.9,30.7,30.7,33
15-Sep-19,0,15.5,0,11.4,0,12.3,0,8.7,1013.9,7.7,0,13,0,250,0,23,0,0,417,14.65,0.8,1.2,22.6,22.6,24.9
16-Sep-19,0,14,0,6.4,0,11.1,0,1.9,1014.2,6.4,0,9,0,20,0,14,0.7,0,467,13.6,0.8,1.2,21.4,21.4,23.7
17-Sep-19,0,16.1,0,4.7,0,1.4,3,0,1017.9,5.5,0,9,0,340,0,18,11.7,0,1640,12.975,1.8,2.6,22.8,22.8,25.3
18-Sep-19,0,19.1,0,4,0,1.2,3,0,1020.2,3.8,0,7,0,150,0,11,11.8,0,1583,13.7,1.9,2.6,24.3,24.3,26.8
19-Sep-19,0,18.8,0,5.7,0,1.9,3,0,1019.7,4.4,0,9,0,110,0,12,11.8,0,1593,14.525,1.8,2.5,25.7,25.7,28.4
20-Sep-19,0,17.5,0,9.7,0,5.1,0,0.1,1010.1,8,0,16,0,150,0,26,9.5,0,1498,15.05,1.6,2.5,26.9,26.9,29.6
21-Sep-19,0,20,0,11.8,0,7.6,0,1.1,996.8,10.5,0,19,0,160,0,30,7.2,0,1148,15.175,1.9,2.6,27.2,27.2,30
22-Sep-19,0,18.3,0,12,0,13.9,0,18.7,990.8,7.8,0,19,0,280,0,25,1.4,0,736,16,1.1,1.6,9.4,9.4,12.2
23-Sep-19,0,16.8,0,8.8,0,3.9,0,6.2,990.9,8,0,17,0,130,0,28,1.5,0,359,13.475,0.8,1.1,3.9,3.9,6.7
24-Sep-19,0,19.7,0,9.1,0,11.7,0,4.9,986.1,4.8,0,9,0,190,0,15,3.8,0,849,15.175,1.3,1.7,0.2,0.2,3.1
25-Sep-19,0,18.7,0,12.2,0,6.3,0,1.8,986.8,7,0,11,0,240,0,21,2,0,804,15.2,1.3,1.8,0,-0.3,2.6
26-Sep-19,0,16.6,0,11.1,0,9.7,0,3.9,985.6,9.5,0,17,0,220,0,31,1.8,0,817,13.75,1.5,2,0,-2.4,0.2
27-Sep-19,0,16,0,10.9,0,8.8,0,2.9,987.5,11.2,0,20,0,280,0,28,4.4,0,967,12.9,1.6,2.2,0,-1.3,-1.1
28-Sep-19,0,16.7,0,11.1,0,9.9,0,10.7,989.3,9.9,0,16,0,90,0,25,1.3,0,682,13.7,1.3,1.8,0,-9.4,-10
29-Sep-19,0,16.4,0,8.6,0,10.4,0,7.6,990.1,12,0,17,0,50,0,28,3.2,0,856,13.25,1.4,1.9,0,-6.2,-10
30-Sep-19,0,13.3,0,5.4,0,1.8,0,23.8,992.7,8.9,0,21,0,90,0,31,0.6,0,233,11.225,0.5,0.7,0,-10,-10
01-Oct-19,0,12.4,0,3.8,0,9.8,0,5.6,996.2,14.6,0,30,0,0,0,44,0.5,0,264,11.275,0.4,0.8,0,-5.2,-10
02-Oct-19,0,12,0,2.1,1,-1.7,3,0,1009.4,5.9,0,11,0,290,0,14,6.3,0,975,9.1,1.1,1.5,1.1,1.1,-8.4
03-Oct-19,0,15.5,0,4.6,0,1.7,0,1.8,999.8,11.2,0,22,0,150,0,36,0.1,0,281,10.3,0.7,1,0,0,-9.1
04-Oct-19,0,15,0,8.7,0,10.3,0,7.7,993.5,9.2,0,16,0,10,0,28,2.3,0,710,12.125,0.8,1.2,0,-6.9,-10
05-Oct-19,0,14.9,0,8.5,0,6.1,0,12.1,998.8,7.6,0,15,0,280,0,21,0,0,248,12.5,0.5,0.7,0,-10,-10
06-Oct-19,0,15,0,8.8,0,8,0,0.2,1001.5,11.3,0,18,0,290,0,24,8.4,0,1113,12.1,1.3,1.9,1.1,1.1,-8.4
07-Oct-19,0,16.4,0,10.3,0,7.2,0,7.6,998.2,10.5,0,20,0,160,0,29,2.8,0,582,12.25,1.3,1.7,0,-5.3,-10
08-Oct-19,0,14.2,0,9.5,0,8.6,0,0.2,991.2,11.7,0,18,0,250,0,33,7,0,973,10.9,1.6,2.1,1.4,1.4,-8.1
09-Oct-19,0,13.7,0,7.9,0,6.3,0,0.6,992.4,10.4,0,17,0,280,0,28,7.4,0,910,10.075,1.3,1.8,2.1,2.1,-7
10-Oct-19,0,15.8,0,9.1,0,7.4,0,3,993,11.5,0,18,0,260,0,33,1,0,581,10.6,1.2,1.6,0.3,0.3,-8.4
11-Oct-19,0,14.6,0,9.1,0,8.3,0,0.1,990.8,9.2,0,16,0,260,0,28,2.4,0,733,11.05,1.2,1.6,1.3,1.3,-6.9
12-Oct-19,0,15.2,0,6.2,0,2.9,2,0,993.5,5.3,0,13,0,210,0,26,7.9,0,940,10.4,1.1,1.5,2.4,2.4,-5.5
13-Oct-19,0,13.2,0,3.3,0,3,0,8.6,992.8,4.4,0,11,0,280,0,14,2.4,0,567,10.075,0.7,0.9,0,-5.5,-10
14-Oct-19,0,14.3,0,2.1,1,-1.8,0,9,994.6,6.4,0,12,0,150,0,20,1.2,0,402,9.6,0.6,0.9,0,-8.4,-10
15-Oct-19,0,14.6,0,4.3,0,1,0,1.3,988.5,6.5,0,14,0,150,0,21,4.9,0,581,10.3,0.7,1,0,-0.6,-10
16-Oct-19,0,13.5,0,6.8,0,4.8,0,2,987.6,8.1,0,18,0,280,0,23,8.6,0,963,10.525,0.7,1.1,0,-1.3,-10
17-Oct-19,0,13.9,0,6.6,0,6.4,0,1.5,987.1,8,0,13,0,200,0,25,2.9,0,478,9.175,1.1,1.4,0,-0.4,-9.9
18-Oct-19,0,11.8,0,3.9,1,-0.3,0,0.3,983.7,6.8,0,11,0,30,0,17,3.9,0,678,8.55,0.7,1,0.4,0.4,-9
19-Oct-19,0,11.8,0,4.9,0,5.3,0,1.1,993.1,9.7,0,14,0,280,0,19,0.4,0,347,8.75,0.7,0.9,0,-0.1,-9
20-Oct-19,0,11.4,0,4.4,0,3,2,0,1006.3,9.4,0,15,0,0,0,22,5.1,0,703,7.95,0.9,1.3,0.9,0.9,-7.6
21-Oct-19,0,11.8,0,0.5,1,-1.5,3,0,1013.8,5.1,0,9,0,280,0,11,5.7,0,691,7.4,0.7,1,1.7,1.7,-6.5
22-Oct-19,0,10.8,0,5.2,1,-0.1,0,0,1009.2,6.3,0,10,0,210,0,18,0,0,395,7.725,0.8,1,2.5,2.5,-5.4
23-Oct-19,0,13.5,0,10.3,0,8.3,0,0.4,998.4,9.4,0,15,0,190,0,25,0.1,0,335,9.525,1.1,1.3,3.1,3.1,-4.5
24-Oct-19,0,13.4,0,1.6,0,4.7,0,1,994.9,7.7,0,20,0,290,0,27,5.8,0,725,9.325,0.6,0.9,2.7,2.7,-4.6
25-Oct-19,0,6.6,0,1.1,1,-2.2,0,8.9,996.6,5,0,10,0,330,0,15,0,0,106,6.55,0.3,0.5,0,-5.9,-10
26-Oct-19,0,8.7,0,2.8,0,3.4,0,0.6,1002.2,8.5,0,18,0,280,0,24,6,0,697,6.75,0.8,1,0.2,0.2,-9.3
27-Oct-19,0,9.9,1,-0.9,0,0.1,3,0,1013,8,0,12,0,290,0,19,8.8,0,826,5.525,0.6,0.9,0.8,0.8,-8.3
28-Oct-19,0,9.8,1,-1.4,1,-4.7,3,0,1016.8,9.5,0,16,0,80,0,26,5.8,0,716,4.6,0.6,0.9,1.4,1.4,-7.2
29-Oct-19,0,10.4,0,6.2,0,4.6,2,0,1016.6,14.3,0,19,0,100,0,27,3.8,0,548,6.725,1.3,1.7,2.7,2.7,-5.5
30-Oct-19,0,10.9,0,7.8,0,5.5,2,0,1012.6,13.7,0,18,0,110,0,27,1.7,0,480,7.425,1.3,1.7,4,4,-3.9
31-Oct-19,0,11.7,0,8.2,0,8,0,3.6,1001.8,8,0,11,0,140,0,19,0,0,59,8.4,0.7,0.9,1.1,1.1,-6.6
01-Nov-19,0,13.4,0,10.1,0,8.3,0,6.8,980.9,7.9,0,16,0,150,0,23,0,0,201,10.725,0.5,0.7,0,-5.2,-10
02-Nov-19,0,10.6,0,2.8,1,-0.6,0,21.8,965.3,6.1,0,12,0,270,0,20,1.1,0,328,9.25,0.3,0.4,0,-10,-10
03-Nov-19,0,7.9,0,4.2,0,0.9,0,0.2,970.2,7,0,12,0,270,0,15,0.1,0,307,7.95,0.2,0.4,0,0,-9.5
04-Nov-19,0,9.9,0,5.1,0,2.5,0,12.3,978.1,10,0,20,0,10,0,31,0,0,85,7.975,0.5,0.6,0,-10,-10
05-Nov-19,0,10.2,0,5.3,0,4.5,2,0,993,10.2,0,21,0,10,0,31,0,0,160,8.025,0.6,0.8,0.6,0.6,-8.9
06-Nov-19,0,9.8,0,3.6,0,1.1,0,2.4,989.8,5.2,0,13,0,270,0,19,1.2,0,383,7.175,0.5,0.6,0,-1.3,-10
07-Nov-19,0,8.4,0,4.3,0,3.4,0,15.8,988,13.4,0,20,0,360,0,28,0,0,68,6.975,0.5,0.8,0,-10,-10
08-Nov-19,0,8.1,0,1.6,0,1.8,3,0,999.8,7.3,0,15,0,30,0,22,6.6,0,565,6.475,0.4,0.6,0.4,0.4,-9.1
09-Nov-19,0,7.4,0,3.9,1,-2.9,0,14.4,994.8,14,0,27,0,300,0,36,0.1,0,177,5.9,0.6,0.9,0,-10,-10
10-Nov-19,0,7.2,0,0.9,1,-0.6,0,9.3,998.8,7.3,0,17,0,190,0,27,1.2,0,330,5.65,0.3,0.4,0,-9,-10
11-Nov-19,0,7.8,0,2.7,0,2.3,0,0.1,991.8,15.4,0,21,0,270,0,34,4.8,0,496,5.2,0.7,0.9,0.6,0.6,-8.9
12-Nov-19,0,8.3,0,2.2,0,1.1,2,0,991.9,15.5,0,27,0,270,0,35,2.2,0,404,4.575,0.7,1,1.3,1.3,-7.8
13-Nov-19,0,7.5,0,1.7,0,0.2,0,17,985.2,10.5,0,24,0,80,0,35,0.1,0,165,4.375,0.5,0.7,0,-10,-10
14-Nov-19,0,7.2,0,1.6,0,2.6,0,2.2,993,15.6,0,23,0,50,0,33,4.4,0,410,5,0.7,0.9,0,-1.5,-10
15-Nov-19,0,7.4,0,1.4,0,0.5,2,0,1003.8,13.2,0,17,0,350,0,25,3.4,0,363,3.925,0.7,0.9,0.7,0.7,-8.8
16-Nov-19,0,3.9,0,0.5,1,-0.9,3,0,1000.7,7.6,0,11,0,310,0,15,0.8,0,207,3.375,0.2,0.3,0.9,0.9,-8.1
17-Nov-19,0,7.3,1,-0.4,1,-1.7,3,0,1005.2,8.1,0,11,0,330,0,18,4.8,0,395,3.7,0.3,0.4,1.2,1.2,-7.4
18-Nov-19,0,9,1,-2.4,1,-5.9,3,0,1007,4.8,0,9,0,280,0,13,6.6,0,470,3.125,0.2,0.3,1.5,1.5,-6.8
19-Nov-19,0,10.7,0,0.3,1,-2.8,0,0.2,999.4,7.7,0,19,0,160,0,26,1.6,0,179,4.75,0.4,0.5,1.6,1.6,-6.3
20-Nov-19,0,9.5,0,3,1,-4.8,0,9.1,992.8,15.4,0,23,0,160,0,36,0,0,81,5.625,0.3,0.5,0,-7.2,-10
21-Nov-19,0,8,0,6.1,0,5.7,0,7.4,987.8,11,0,17,0,130,0,28,0,0,44,6.05,0.8,1,0,-6.6,-10
22-Nov-19,0,8.8,0,5.2,0,5.2,0,22.9,982.4,7.6,0,12,0,100,0,18,0.1,0,134,6.325,0.4,0.5,0,-10,-10
23-Nov-19,0,9.7,0,6.2,0,4.7,0,5,987,9.3,0,15,0,40,0,23,0,0,33,7.025,0.5,0.6,0,-4.5,-10
24-Nov-19,0,9.8,0,3,0,0.6,0,2.3,989.6,5.3,0,12,0,130,0,21,0,0,123,7.125,0.2,0.3,0,-2.1,-10
25-Nov-19,0,11.7,0,8.9,0,6.6,0,15.6,986.2,6.5,0,14,0,120,0,20,0.1,0,164,8.725,0.3,0.4,0,-10,-10
26-Nov-19,0,11.9,0,7.2,0,5.8,0,6.3,977.8,9.8,0,25,0,90,0,34,0.1,0,122,8.425,0.5,0.7,0,-5.8,-10
27-Nov-19,0,10.5,0,4.3,0,1.3,0,0.4,976.3,6.8,0,12,0,20,0,17,0.1,0,161,7.425,0.3,0.3,0,-0.1,-9.6
28-Nov-19,0,8.9,0,3.6,0,1.5,0,1,990.2,8.2,0,15,0,50,0,20,0,0,123,6.5,0.4,0.5,0,-0.6,-9.8
29-Nov-19,0,7,1,-0.2,1,-4.4,0,0.5,1004,6.1,0,11,0,100,0,15,1.1,0,184,4.475,0.3,0.4,0,-0.2,-9.5
30-Nov-19,0,7.7,1,-0.7,1,-2.3,2,0,1010.3,7.8,0,12,0,110,0,17,0.8,0,156,4.725,0.4,0.5,0.4,0.4,-8.6
01-Dec-19,0,5.7,1,-1.2,1,-4.1,0,0.8,1017.8,5.8,0,10,0,340,0,14,2.5,0,211,3.325,0.2,0.2,0,-0.7,-9.3
02-Dec-19,0,5.6,1,-0.5,1,-4.3,3,0,1021.8,5.6,0,8,0,250,0,13,0.9,0,214,2.55,0.3,0.4,0.3,0.3,-8.5
03-Dec-19,0,9.2,1,-0.5,1,-4.6,3,0,1013.9,4.8,0,12,0,220,0,18,6.8,0,348,2.85,0.2,0.2,0.5,0.5,-7.9
04-Dec-19,0,9.3,0,5.3,0,0.1,0,0,1006.2,8.8,0,15,0,200,0,25,2.5,0,239,4.975,0.4,0.5,0.9,0.9,-7.1
05-Dec-19,0,12.2,0,5.4,0,2.6,0,0.1,1000.4,13.1,0,20,0,220,0,36,0,0,90,5.775,0.6,0.8,1.4,1.4,-6.2
06-Dec-19,0,11.7,0,6.4,0,7,0,2.9,993.8,13.2,0,24,0,270,0,32,1,0,170,7.95,0.3,0.4,0,-1.2,-8.5
07-Dec-19,0,12.3,0,6.5,0,5.4,0,3,990.7,12.4,0,26,0,260,0,44,0.8,0,213,7.15,0.3,0.4,0,-2.7,-10
08-Dec-19,0,11.2,0,4.5,0,4.1,0,6,980.5,16.8,0,34,0,280,0,46,2,0,191,6.325,0.7,0.8,0,-5.3,-10
09-Dec-19,0,8.5,0,4.3,0,2.9,2,0,995.7,11.9,0,34,0,290,0,44,6.3,0,309,5.15,0.4,0.4,0.4,0.4,-9.1
10-Dec-19,0,13.8,0,4.2,0,1.5,0,4.6,992.3,16,0,32,0,270,0,45,0,0,55,6.475,0.8,1.1,0,-3.4,-10
11-Dec-19,0,4.9,0,2.1,0,1.9,0,0,989.8,11.9,0,16,0,250,0,28,5.7,0,309,3.7,0.3,0.4,0.3,0.3,-9.2
12-Dec-19,0,8.2,0,3.2,0,0.8,0,10.4,974.2,9,0,24,0,280,0,32,0.1,0,102,4.45,0.5,0.6,0,-9.6,-10
13-Dec-19,0,7.3,0,3.2,0,3.4,0,0.2,967.2,15.2,0,23,0,270,0,35,3.4,0,277,4.55,0.6,0.7,0.4,0.4,-9.1
14-Dec-19,0,5.2,0,1.7,0,0.8,0,0.5,973.2,11.1,0,16,0,220,0,29,4.2,0,257,2.825,0.7,0.8,0.6,0.6,-8.5
15-Dec-19,0,5.6,0,0.6,1,-0.4,0,0.1,975,9,0,17,0,220,0,30,1.9,0,168,2.175,0.5,0.6,1,1,-7.7
16-Dec-19,0,6,0,2.1,1,-0.6,2,0,981.8,9,0,16,0,260,0,27,6.5,0,311,2.425,0.3,0.3,1.3,1.3,-7
17-Dec-19,0,4.1,1,-2.9,0,0.5,0,0.1,989.2,5.9,0,10,0,220,0,15,0.1,0,163,2.325,0.1,0.2,1.3,1.3,-6.6
18-Dec-19,0,11.8,1,-2.9,1,-7,0,4.3,983.2,15.5,0,27,0,190,0,43,0,0,21,3.325,0.7,1,0,-2.4,-9.9
19-Dec-19,0,10,0,6.3,0,3,0,14.7,973.6,6.6,0,18,0,190,0,27,0,0,92,5.55,0.4,0.5,0,-10,-10
20-Dec-19,0,7.6,1,-1.2,0,2.9,0,2.3,968,5.5,0,12,0,270,0,19,4.4,0,264,4.95,0,0,0,-2.3,-10
21-Dec-19,0,5.1,1,-1.4,1,-4.9,2,0,964.7,4.8,0,10,0,280,0,12,0.4,0,140,2.975,0.1,0.2,0.1,0.1,-9.4
22-Dec-19,0,7.5,0,3.8,1,-0.8,2,0,976.3,8,0,14,0,260,0,22,1,0,132,4.075,0.4,0.5,0.5,0.5,-8.5
23-Dec-19,0,8.4,0,4.9,0,4,0,1.4,991.1,9,0,15,0,250,0,27,4.2,0,253,4.35,0.4,0.5,0,-0.5,-9.1
24-Dec-19,0,7.9,0,2.5,0,2.8,0,1.6,998.9,10,0,16,0,300,0,24,0.2,0,95,4.6,0.4,0.5,0,-1.2,-9.8
25-Dec-19,0,7.7,0,0.7,1,-0.1,0,0,1009.5,7.8,0,18,0,130,0,28,3.8,0,245,2.95,0.2,0.2,0.2,0.2,-9.2
26-Dec-19,0,9.7,0,6.5,1,-0.6,0,3.9,1003.5,8.7,0,18,0,120,0,31,0.1,0,108,5.5,0.6,0.7,0,-3.1,-10
27-Dec-19,0,13.7,0,6.2,0,4.6,0,0.6,1012.8,5.9,0,11,0,220,0,19,0.4,0,184,7.175,0.3,0.4,0,-0.3,-9.8
28-Dec-19,0,13.3,0,7.3,0,3.6,0,0,1016.2,6,0,15,0,220,0,23,0,0,98,7.025,1,1.1,1,1,-8.3
29-Dec-19,0,13,0,3.1,0,6.5,0,0,1014.4,6.3,0,17,0,210,0,26,0.1,0,91,7.6,0.6,0.7,1.6,1.6,-7.3
30-Dec-19,0,11,0,2.9,1,-1,0,0.2,1016.4,6.9,0,13,0,230,0,20,0.5,0,87,6.275,0.4,0.6,1.8,1.8,-6.7
31-Dec-19,0,9,0,4.1,0,2.5,0,0,1020.8,6.2,0,11,0,50,0,16,0.2,0,97,6.05,0.4,0.5,2.2,2.2,-6
01-Jan-20,0,7.9,0,0,1,-5,3,0,1013.4,4.1,0,10,0,180,0,17,2.4,0,233,4.575,0.2,0.3,2.4,2.4,-5.5
02-Jan-20,0,11.4,0,7,1,-2.2,0,1.2,1000.7,10.1,0,20,0,190,0,33,0,0,52,5.65,0.8,1,2,2,-5.6
03-Jan-20,0,7.6,0,3,0,2,2,0,1010.6,10.8,0,19,0,340,0,27,6,0,307,5.15,0.2,0.2,2.2,2.2,-5.1
04-Jan-20,0,8,0,5.1,0,2.2,0,0.1,1021.8,7.8,0,10,0,230,0,20,0.1,0,168,5.3,0.3,0.4,2.4,2.4,-4.6
05-Jan-20,0,11,0,7,0,5.4,2,0,1014.6,9.9,0,17,0,210,0,28,0.8,0,185,6.325,0.6,0.7,3,3,-3.7
06-Jan-20,0,10.3,0,5.6,0,7.4,0,2.4,1002.2,13.7,0,25,0,200,0,42,2.4,0,227,6.675,0.6,0.7,1.2,1.2,-5.4
07-Jan-20,0,14.2,0,6.3,0,3.7,0,0.3,1000.4,15.4,0,24,0,260,0,39,1.1,0,159,7.425,1,1.2,1.9,1.9,-4.4
08-Jan-20,0,10.2,0,4,0,6.1,0,2.6,1004,7.7,0,21,0,270,0,33,0.7,0,180,6.5,0.6,0.7,0,-0.2,-6.2
09-Jan-20,0,5.8,0,0.3,0,1.9,0,9.3,998.5,9.2,0,18,0,60,0,23,1.8,0,302,4.9,0.2,0.2,0,-9.1,-10
10-Jan-20,0,10.5,0,1.3,1,-0.6,0,0.1,1008.4,11.9,0,21,0,210,0,35,5.3,0,317,3.8,0.4,0.5,0.3,0.3,-9.2
11-Jan-20,0,13.1,0,5.9,0,1.2,0,7.3,1000.7,14.6,0,26,0,220,0,42,1.3,0,178,7.475,0.6,0.7,0,-6.4,-10
12-Jan-20,0,7.3,0,3.8,0,1.8,0,1,1003.4,7.2,0,13,0,250,0,21,4,0,286,5.075,0.3,0.4,0,-0.7,-10
13-Jan-20,0,9.2,0,4,0,0.8,0,3.6,985.7,15.5,0,28,0,180,0,48,0.9,0,68,4.3,1,1.3,0,-2.6,-10
14-Jan-20,0,5.8,0,3.3,0,1,0,3.3,975,9.5,0,14,0,230,0,25,0.2,0,88,3.3,0.8,0.9,0,-2.5,-10
15-Jan-20,0,7.6,0,3.8,0,1.7,0,0,988.8,13.1,0,18,0,230,0,32,6.5,0,390,3.175,0.8,0.9,0.8,0.8,-8.7
16-Jan-20,0,12.4,0,5.1,0,3.2,0,1.4,990.2,12.8,0,26,0,170,0,38,1.1,0,132,5.4,0.9,1.1,0.3,0.3,-8.8
17-Jan-20,0,6.3,0,1.5,0,0.3,2,0,1001.8,9.1,0,15,0,250,0,25,3.6,0,379,3.975,0.3,0.4,0.6,0.6,-8
18-Jan-20,0,5.6,1,-2.1,1,-4.4,3,0,1020.2,6.5,0,11,0,270,0,15,4.7,0,366,1.9,0.3,0.4,0.9,0.9,-7.3
19-Jan-20,0,7.7,1,-2.5,1,-5.3,3,0,1032.9,5.4,0,10,0,210,0,16,4,0,392,1.325,0.4,0.6,1.4,1.4,-6.5
20-Jan-20,0,8.5,0,2.7,1,-1.8,3,0,1035.1,6,0,10,0,260,0,16,7.3,0,443,2.5,0.4,0.5,1.7,1.7,-5.8
21-Jan-20,0,8.1,0,5.5,0,1.7,2,0,1031.9,6.7,0,10,0,270,0,15,0.1,0,200,5.125,0.4,0.5,2.1,2.1,-5.2
22-Jan-20,0,10.2,0,6.6,0,6.8,3,0,1028.2,4.5,0,8,0,280,0,10,0,0,231,6.925,0.2,0.3,2.3,2.3,-4.7
23-Jan-20,0,9.1,0,3.2,0,1,0,0.1,1021.2,4.1,0,9,0,280,0,12,1.3,0,330,6.85,0,0.1,2.2,2.2,-4.5
24-Jan-20,0,6.7,0,5.1,0,5,0,0.1,1012.3,6.5,0,12,0,270,0,17,0,0,177,6.375,0.3,0.4,2.4,2.4,-4.1
25-Jan-20,0,8.6,0,4.8,0,3.8,2,0,1001.8,8.8,0,13,0,180,0,19,0.4,0,177,5.925,0.7,0.9,3.1,3.1,-3.2
26-Jan-20,0,9.5,0,2.7,0,5.1,0,1.5,990.9,8.9,0,16,0,200,0,27,1,0,273,5.725,0.6,0.8,2.2,2.2,-3.9
27-Jan-20,0,7,0,1.6,0,0.1,2,0,981.1,10.9,0,20,0,270,0,29,3.1,0,368,3.6,0.8,1,3,3,-2.9
28-Jan-20,0,5.9,0,0.7,1,-0.4,2,0,984,13.3,0,19,0,260,0,32,1.8,0,316,2.725,0.7,0.9,3.7,3.7,-2
29-Jan-20,0,9.5,0,1.7,0,0.2,0,0.2,993.1,11,0,16,0,240,0,29,1.7,0,334,3.625,0.6,0.7,4.1,4.1,-1.6
30-Jan-20,0,12.5,0,6.5,0,4.2,0,0,988.8,12.3,0,25,0,270,0,39,1,0,302,6.45,0.9,1.1,4.9,4.9,-0.6
31-Jan-20,0,13.3,0,8.7,0,5.9,0,1.5,986.3,12.5,0,20,0,240,0,33,0.4,0,295,7.95,1.1,1.3,4.5,4.5,-0.9
01-Feb-20,0,10.1,0,5.3,0,5.8,2,0,989.4,12.8,0,23,0,270,0,33,3,0,325,6.525,0.8,1.1,5.3,5.3,0
02-Feb-20,0,11.1,0,4.7,0,3.3,0,5.6,991.4,10.7,0,17,0,250,0,30,4.3,0,421,6.35,0.7,0.8,0.3,0.3,-5
03-Feb-20,0,8.6,0,3.1,0,3.9,0,0.1,999.3,14.8,0,21,0,270,0,38,3.8,0,455,5.375,0.7,0.9,0.9,0.9,-4.1
04-Feb-20,0,8.8,0,1.3,0,1.2,0,0.2,1015.7,13.5,0,24,0,290,0,33,6,0,481,4,0.8,1.1,1.5,1.5,-3.3
05-Feb-20,0,8.9,0,0,1,-2.8,3,0,1024.3,5.2,0,9,0,210,0,15,5.6,0,482,3.325,0.5,0.7,2,2,-2.7
06-Feb-20,0,9.7,1,-2.3,1,-6.2,3,0,1016.5,6,0,16,0,160,0,22,6.4,0,540,3.575,0.6,0.8,2.6,2.6,-1.9
07-Feb-20,0,10.5,0,5.1,0,0.5,0,0.1,999.9,13.7,0,25,0,150,0,33,0,0,140,4.725,0.9,1.2,3.3,3.3,-1.1
08-Feb-20,0,11.1,0,3.5,0,1.7,0,4.2,986.7,17.3,0,28,0,210,0,44,3.7,0,430,5.05,0.9,1.3,0,0,-4.3
09-Feb-20,0,11.6,0,4.2,0,5.1,0,25.6,969.9,17.7,0,30,0,270,0,48,1.8,0,345,7.425,0.7,1,0,-10,-10
10-Feb-20,0,5,0,0.3,0,1.6,0,3.1,981.3,15.2,0,26,0,290,0,39,1.5,0,350,3.65,0.7,1.1,0,-2.4,-10
11-Feb-20,0,4.3,0,0.4,1,-0.3,0,2.6,992.8,14.6,0,26,0,270,0,38,3,0,457,2.275,0.8,1.1,0,-1.8,-10
12-Feb-20,0,6.7,0,0.6,1,-0.4,0,0.9,991.2,10.9,0,24,0,150,0,37,5.8,0,642,2.725,0.5,0.8,0,-0.4,-9.9
13-Feb-20,0,6.7,0,3,0,0,0,2.3,987.2,9.8,0,27,0,150,0,40,2.2,0,417,4.2,0.6,0.8,0,-1.7,-10
14-Feb-20,0,12.2,0,2.6,1,-0.9,0,0.9,996.3,10.4,0,25,0,280,0,36,2.9,0,480,5.1,0.9,1.1,0,0,-9.5
15-Feb-20,0,12.2,0,5.2,0,2.9,0,10,981.5,15.4,0,27,0,200,0,45,0.1,0,199,5.75,1.1,1.4,0,-8.9,-10
16-Feb-20,0,10.3,0,2.7,0,3.1,0,10.3,973.8,16.5,0,26,0,260,0,45,3.8,0,532,5.05,1.3,1.7,0,-9,-10
17-Feb-20,0,8,0,2.6,0,1.8,0,0.5,991.8,16.8,0,25,0,220,0,40,3.4,0,487,3.775,1.2,1.7,0.7,0.7,-8.8
18-Feb-20,0,7.5,0,1.7,0,1.6,0,6.4,1003.2,13.1,0,19,0,280,0,33,2.7,0,526,3.55,0.7,1,0,-5,-10
19-Feb-20,0,10,0,2,0,0.8,0,3.6,999.5,11.2,0,18,0,220,0,30,0.1,0,316,4.325,0.7,1,0,-2.9,-10
20-Feb-20,0,9.8,0,2.5,0,3,0,7.1,996.7,14.5,0,27,0,280,0,44,6.3,0,735,5.65,0.8,1.2,0,-6.3,-10
21-Feb-20,0,11,0,4.2,0,0.9,0,5.4,999.4,16.3,0,22,0,220,0,38,1.6,0,459,5.95,0.9,1.3,0,-4.5,-10
22-Feb-20,0,10.7,0,4.8,0,4.4,0,5,998.8,14.5,0,27,0,270,0,44,2.2,0,494,6.4,0.8,1.2,0,-4.2,-10
23-Feb-20,0,7.6,0,3.7,0,3.9,0,9.3,1003.1,9.4,0,20,0,300,0,28,3.1,0,665,6.025,0.8,1.1,0,-8.5,-10
24-Feb-20,0,11.4,0,3.2,0,3.1,0,14.8,996.4,16,0,28,0,270,0,40,2.2,0,469,6.175,0.7,1.1,0,-10,-10
25-Feb-20,0,4.8,0,0.6,0,0.5,0,1,988.7,13.6,0,23,0,270,0,33,4.5,0,631,3.75,0.7,1.1,0,-0.3,-9.8
26-Feb-20,0,7,0,0.5,1,-0.3,0,1.7,992.8,12.4,0,22,0,280,0,34,7.2,0,963,3.625,1,1.5,0,-0.7,-10
27-Feb-20,0,7.6,1,-0.3,1,-1.7,2,0,994.8,10,0,20,0,270,0,27,8.7,0,1009,3.85,1,1.5,1,1,-8.5
28-Feb-20,0,13.4,0,3.7,0,0.5,0,4.1,982.9,10.9,0,28,0,270,0,39,2.3,0,583,5.825,1.1,1.5,0,-2,-10
29-Feb-20,0,7.6,0,1.5,0,0.1,0,5.6,962.7,16.9,0,27,0,220,0,44,5,0,686,5.175,0.9,1.4,0,-4.7,-10
01-Mar-20,0,6.4,0,1.8,0,0.8,0,0.7,969.5,12.7,0,24,0,250,0,39,8.7,0,1022,3.95,1.1,1.6,0.4,0.4,-9.1
02-Mar-20,0,7.3,0,0.9,1,-0.6,0,0.2,978.2,9.6,0,17,0,260,0,29,7.3,0,954,3.275,1.1,1.6,1.3,1.3,-7.8
03-Mar-20,0,8.5,0,2.6,0,0.8,2,0,990.4,12.4,0,21,0,280,0,27,9.1,0,1130,4.225,1.4,2.1,2.7,2.7,-6
04-Mar-20,0,8.7,1,-3.7,1,-3.4,3,0,995.9,3.4,0,8,0,70,0,13,6.3,0,882,4.75,0.8,1.2,3.4,3.4,-4.9
05-Mar-20,0,7.4,1,-3.9,1,-7.6,0,0.5,990.7,5.3,0,10,0,280,0,14,4.9,0,957,3.575,0.7,1.1,3.6,3.6,-4.4
06-Mar-20,0,9.1,1,-1,1,-5.5,0,0.1,995,8.2,0,23,0,290,0,29,5.2,0,926,4.4,0.9,1.3,4.4,4.4,-3.4
07-Mar-20,0,13.4,0,5.2,0,3.4,0,0.4,992.8,14.6,0,21,0,210,0,36,0.1,0,416,6.925,1.2,1.7,5.2,5.2,-2.4
08-Mar-20,0,10.4,0,4.7,0,3.9,0,1.9,989.7,12.1,0,22,0,280,0,31,4.2,0,834,6.45,1.3,1.9,4.5,4.5,-2.9
09-Mar-20,0,12.2,0,4.6,0,3,0,8.7,993.9,12.3,0,18,0,200,0,30,0,0,227,5.55,0.8,1.2,0,-3.4,-10
10-Mar-20,0,11.7,0,4.9,0,5.2,0,1.4,990.4,14.8,0,25,0,260,0,38,2.5,0,834,8.325,0.9,1.5,0,-0.5,-10
11-Mar-20,0,11,0,1.2,0,2.5,0,5.3,990,13,0,26,0,270,0,38,5.6,0,829,6.375,1.2,1.9,0,-4.1,-10
12-Mar-20,0,8.7,0,0.5,1,-0.5,0,3.1,994.5,16.1,0,31,0,280,0,47,7,0,1017,4.55,1.3,2.1,0,-1.8,-10
13-Mar-20,0,10.5,0,4.2,0,2.5,0,1.4,1002.7,10.3,0,18,0,260,0,27,1.8,0,781,6.25,1.2,1.7,0,-0.2,-9.7
14-Mar-20,0,12.2,0,5.2,0,2.9,0,4.1,993.1,10.5,0,20,0,220,0,31,2.7,0,586,7.075,1,1.5,0,-3.1,-10
15-Mar-20,0,9.7,0,2.2,0,4,0,0.3,996.4,13.2,0,22,0,310,0,29,6.1,0,1043,6.575,1.4,2.1,1.1,1.1,-8.4
16-Mar-20,0,10.5,0,0.2,1,-2.8,2,0,1006.9,11,0,20,0,210,0,33,4.7,0,935,5.05,1,1.7,2.1,2.1,-7
17-Mar-20,0,15,0,5.5,0,5,0,3.7,1006.8,10.9,0,21,0,200,0,35,0.5,0,667,8.125,1.1,1.7,0,-0.5,-9.2
18-Mar-20,0,7.8,0,0.6,0,4.2,3,0,1013.8,7.1,0,12,0,280,0,16,0,0,573,7.05,0.8,1.2,0.8,0.8,-7.9
19-Mar-20,0,8.8,1,-2,1,-5.8,2,0,1019.7,6.8,0,10,0,20,0,14,5.1,0,1114,5.325,1.2,1.7,2,2,-6.3
20-Mar-20,0,8.7,1,-2.7,1,-6.2,3,0,1021.5,12.4,0,19,0,90,0,27,7.7,0,1372,4.975,1.2,2.1,3.2,3.2,-4.8
21-Mar-20,0,7.9,0,4.1,0,2.9,0,0,1016.4,11,0,21,0,100,0,28,0,0,452,5.1,1.4,1.9,4.5,4.5,-3.1
22-Mar-20,0,9.4,1,-1.7,1,-6.2,3,0,1015.7,7,0,13,0,140,0,20,9.6,0,1586,6.425,1.5,2.2,6,6,-1.5
23-Mar-20,0,13.1,0,0.3,1,-7.7,3,0,1012,6.4,0,12,0,150,0,17,4.8,0,1182,6.875,1.5,2.2,7.4,7.4,0.1
24-Mar-20,0,13.7,0,6.1,0,3,0,0,1008.2,8.9,0,18,0,210,0,29,4.2,0,1122,8.35,2,2.7,9.3,9.3,2.1
25-Mar-20,0,14.9,0,2,1,-0.2,3,0,1011.3,4,0,12,0,200,0,18,10.2,0,1513,8.575,1.6,2.3,10.8,10.8,3.7
26-Mar-20,0,11.9,1,-0.5,1,-3,3,0,1014.8,7.6,0,13,0,50,0,17,7.9,0,1450,8.925,1.2,2,11.9,11.9,5
27-Mar-20,0,9.9,0,3.6,1,-0.4,3,0,1018.7,10.1,0,14,0,40,0,20,0.9,0,636,7.525,0.9,1.4,12.7,12.7,5.8
28-Mar-20,0,9.3,0,3.7,0,4.8,2,0,1027.1,16,0,24,0,60,0,33,5.5,0,1303,7.875,1.9,3,14.3,14.3,7.7
29-Mar-20,0,6.2,1,-1.5,0,1.9,0,0,1035.2,13.8,0,22,0,60,0,30,4,0,993,6.125,1.5,2.4,15.7,15.7,9.3
30-Mar-20,0,8.5,1,-0.6,1,-5.3,2,0,1031.1,9.3,0,15,0,10,0,21,2.2,0,584,5.1,1.1,1.6,16.6,16.6,10.3
31-Mar-20,0,10.3,0,2.5,1,-0.4,3,0,1024.1,7.1,0,10,0,10,0,16,1.8,0,1000,7.075,1.4,2,17.8,17.8,11.8
01-Apr-20,0,11.1,0,4.3,0,3.7,0,0,1016.1,9.9,0,15,0,310,0,20,1.6,0,918,7.65,1.7,2.4,19.3,19.3,13.5
02-Apr-20,0,12.6,0,4,0,5.5,0,1.6,1007.9,14.1,0,24,0,280,0,32,1.9,0,929,8.225,1.4,2.2,18.8,18.8,13.2
03-Apr-20,0,11.9,0,4.7,0,1.7,0,0.6,1006,7,0,14,0,280,0,19,4.5,0,1301,8.2,1.6,2.4,19.5,19.5,14.2
04-Apr-20,0,11.8,0,6.6,0,3.5,2,0,1003.4,9.4,0,16,0,150,0,25,1.4,0,828,8.55,1.8,2.4,21,21,15.9
05-Apr-20,0,14.4,0,7.5,0,6.5,0,0.6,993.8,15.8,0,25,0,170,0,38,0.2,0,706,8.75,1.6,2.4,21.7,21.7,16.8
06-Apr-20,0,13.6,0,5.9,0,4.6,2,0,1002.4,9.3,0,18,0,210,0,32,9.8,0,1750,9.975,2.4,3.5,23.6,23.6,19
07-Apr-20,0,14.9,1,-0.2,1,-4.7,3,0,1016,6.5,0,15,0,140,0,21,11.5,0,1958,10.275,2.3,3.4,25.4,25.4,21.1
08-Apr-20,0,16,0,1.7,1,-2.2,3,0,1014.7,3.7,0,8,0,150,0,11,10.2,0,1862,12,2.2,3.1,27.1,27.1,23.1
09-Apr-20,0,13.7,0,1.7,1,-2,3,0,1014.2,5.4,0,11,0,90,0,14,8.7,0,1604,11.425,1.7,2.6,28.4,28.4,24.6
10-Apr-20,0,18.4,0,5.9,0,2.7,0,0,1011.8,3.5,0,7,0,90,0,9,3.8,0,1331,12.775,1.9,2.6,29.8,29.8,26.2
11-Apr-20,0,19.4,0,9.6,0,5.7,0,0,1011,7.1,0,15,0,280,0,18,8.7,0,1698,14.025,3.1,4.1,32.1,32.1,28.8
12-Apr-20,0,11.1,0,7.6,0,5.5,0,0.6,1008.4,11.8,0,20,0,30,0,26,0.1,0,556,10.875,1.5,2.1,32.6,32.6,29.4
13-Apr-20,0,8.8,1,-2.5,0,5.7,3,0,1017.1,13.3,0,21,0,90,0,28,6.6,0,1708,10.225,1.2,2.4,33.4,33.4,30.4
14-Apr-20,0,12.9,1,-2.2,1,-6.7,3,0,1017.8,4.2,0,11,0,140,0,16,12.4,0,2128,10.475,2.2,3.2,35,35,32.2
15-Apr-20,0,14.1,1,-0.9,1,-4.6,3,0,1011.8,5.2,0,10,0,90,0,13,13.1,0,2170,11.8,2.3,3.3,36.5,36.5,33.9
16-Apr-20,0,13.7,1,-0.9,1,-4.1,3,0,1007.1,8.8,0,13,0,50,0,18,9.5,0,2039,12.25,1.9,3.1,37.8,37.8,35.4
17-Apr-20,0,13.6,0,6.9,0,5.2,2,0,1005.9,11.2,0,18,0,90,0,25,6,0,1569,12.75,2,3.2,39.1,39.1,36.9
18-Apr-20,0,9.5,0,6.3,0,6.2,0,2.3,1008.1,7.8,0,14,0,90,0,20,0,0,453,10.6,0.9,1.3,37.4,37.4,35.3
19-Apr-20,0,12.1,0,1.7,0,5.8,0,0.1,1011.1,7.1,0,13,0,80,0,16,3.9,0,1409,10.925,1.5,2.4,38.3,38.3,36.3
20-Apr-20,0,12.9,0,1,1,-2.6,3,0,1010.9,13.5,0,20,0,80,0,28,12.3,0,2222,10.875,2.2,3.8,39.7,39.7,37.9
21-Apr-20,0,14,0,6.5,0,5.2,0,0,1011.4,13.9,0,21,0,70,0,28,12.6,0,2282,12.05,2.9,4.7,41.6,41.6,40
22-Apr-20,0,14.6,0,5.9,0,4.2,0,0,1013.5,9.2,0,13,0,60,0,20,7.5,0,1751,12.55,2.4,3.6,43.1,43.1,41.7
23-Apr-20,0,12.7,0,3.3,0,1.6,0,0,1010.8,7.2,0,12,0,70,0,17,7.5,0,1876,12.775,2,3.1,44.3,44.3,43.1
24-Apr-20,0,14.7,0,2.7,1,-1.9,0,0,1006.5,5.5,0,10,0,80,0,12,3.9,0,1722,12.525,2.1,3,45.6,45.6,44.5
25-Apr-20,0,17.2,0,3.6,0,0.1,0,0,1003.7,4.8,0,9,0,90,0,14,7.4,0,1892,13.9,2.6,3.6,47.1,47.1,46.1
26-Apr-20,0,11.1,0,7.9,0,7.4,2,0,1001.9,5.3,0,9,0,60,0,13,0,0,654,12.95,1.2,1.7,47.8,47.8,46.9
27-Apr-20,0,12.7,0,0.5,1,-2.8,2,0,999.4,4.7,0,10,0,100,0,16,11.5,0,2121,13.525,2.3,3.3,49,49,48.3
28-Apr-20,0,12,1,-1.1,1,-4.7,3,0,995.5,6.5,0,12,0,60,0,17,7.3,0,1792,12.5,2,2.9,50.1,50.1,49.6
29-Apr-20,0,13.8,0,6,0,2.3,0,4.1,984.5,10,0,17,0,160,0,26,2.8,0,1015,11.2,2,2.8,47.1,47.1,46.7
30-Apr-20,0,11.3,0,4.7,0,1.4,0,2.9,979.8,11.2,0,21,0,290,0,28,1.5,0,1082,9.875,1.6,2.4,45.1,45.1,44.8
01-May-20,0,13.8,0,3.8,0,2.6,0,2.6,990.2,10.8,0,19,0,290,0,26,8.5,0,1804,9.9,2.6,3.9,44,44,43.8
02-May-20,0,14.4,0,2.6,0,3,3,0,1000.1,7.6,0,12,0,280,0,17,10.6,0,2295,11,2.8,4.2,45.7,45.7,45.7
03-May-20,0,14.5,0,2.3,1,-2.3,0,0,1006.8,5.8,0,10,0,70,0,17,12.8,0,2575,13.2,2.9,4.2,47.4,47.4,47.5
04-May-20,0,13.3,0,1.4,1,-2.1,3,0,1010.8,9.5,0,19,0,100,0,27,13.9,0,2564,14,2.5,4.2,48.8,48.8,49.1
05-May-20,0,13.1,0,3.7,0,5.8,0,0,1011.3,13.1,0,18,0,90,0,25,12.7,0,2591,14.175,2.5,4.4,50.2,50.2,50.6
06-May-20,0,14.4,0,2.6,1,-2.6,0,0.1,1014,7.5,0,13,0,110,0,18,14,0,2624,14.85,3,4.6,51.8,51.8,52.3
07-May-20,0,17.3,0,8.9,0,7.1,0,1.3,1010.2,6.5,0,12,0,150,0,17,5.8,0,1476,14.925,2.6,3.5,51.9,51.9,52.6
08-May-20,0,17.7,0,8.9,0,9.8,0,0,1007.4,5.9,0,9,0,110,0,14,8.9,0,2315,16.75,3.1,4.4,53.5,53.5,54.3
09-May-20,0,19.2,0,4.7,0,0.3,3,0,1003.9,5,0,10,0,350,0,15,14.2,0,2620,17.85,3.5,4.8,55.3,55.3,56.3
10-May-20,0,11,0,5.3,0,4.4,2,0,1008.1,15.1,0,24,0,60,0,33,0.6,0,825,14.025,1.6,2.5,56.1,56.1,57.1
11-May-20,0,9.5,1,-0.7,0,2.5,0,0,1016.4,12.5,0,19,0,70,0,29,12.9,0,2660,12.4,2.7,4.7,57.4,57.4,58.6
12-May-20,0,13.8,1,-1.2,1,-4.1,3,0,1013,7.7,0,13,0,320,0,18,7.6,0,1772,12.45,2.5,3.7,58.6,58.6,59.9
13-May-20,0,10.5,1,-1.7,1,-1.9,2,0,1011.8,10,0,17,0,50,0,25,12,0,2477,12.825,2.4,4,59.8,59.8,61.1
14-May-20,0,13.8,1,-2.6,1,-5.8,3,0,1015.2,4.6,0,10,0,80,0,16,13,0,2758,14,3.1,4.4,61.2,61.2,62.6
15-May-20,0,13.2,0,0.5,1,-2.3,3,0,1016.5,7.3,0,12,0,320,0,15,0.3,0,1048,13.175,1.9,2.6,62,62,63.5
16-May-20,0,15.1,0,6,0,3.9,2,0,1014.7,6.9,0,11,0,300,0,17,3.7,0,1582,13.65,2.5,3.5,63.1,63.1,64.7
17-May-20,0,17,0,9.4,0,8.5,0,0.2,1011.3,7.7,0,13,0,250,0,22,1.1,0,1259,14.25,2.4,3.3,63.9,63.9,65.6
18-May-20,0,17.3,0,10.8,0,10.3,0,0.8,1009.8,8.3,0,12,0,240,0,22,0.3,0,945,14.125,2.1,2.8,64,64,65.7
19-May-20,0,20.9,0,9.5,0,12.7,0,0,1010.6,7.2,0,12,0,240,0,24,5.3,0,1926,16.65,3.1,4.4,65.3,65.3,67.1
20-May-20,0,21.5,0,6.4,0,2.8,0,0,1008,5.5,0,13,0,150,0,19,12.4,0,2722,18.625,4,5.5,66.9,66.9,68.8
21-May-20,0,17.5,0,10.5,0,7.4,0,1.2,1002.1,9.7,0,17,0,160,0,28,6.6,0,2026,18,3.3,4.7,67,67,69
22-May-20,0,17.3,0,9.3,0,9.3,0,2.3,994.9,17.4,0,26,0,220,0,46,11.9,0,2533,15.2,3.7,6.1,66.2,66.2,68.2
23-May-20,0,15.4,0,8.7,0,8.1,0,0.7,1006.3,15.6,0,29,0,270,0,44,4,0,1750,12.95,2.9,4.5,66.6,66.6,68.7
24-May-20,0,19.9,0,5.7,0,9.7,0,0.1,1017.8,10.7,0,20,0,270,0,30,10.2,0,2421,16.225,3.6,5.4,68,68,70.1
25-May-20,0,19.1,0,4.3,1,-0.7,2,0,1021.9,7.3,0,14,0,200,0,24,10.4,0,2471,17.225,3.5,5,69.3,69.3,71.5
26-May-20,0,18.8,0,10.1,0,12,2,0,1025.3,6.8,0,12,0,290,0,16,10.4,0,2482,19.2,3.6,5.1,70.6,70.6,72.9
27-May-20,0,18.8,0,7,0,3.4,0,0,1026.3,6.1,0,12,0,90,0,15,13.3,0,2771,20.175,3.6,5.2,71.9,71.9,74.2
28-May-20,0,20.7,0,7.6,0,3.8,0,0,1021.5,7.4,0,12,0,100,0,18,14.2,0,2732,20.575,3.9,5.6,73.3,73.3,75.6
29-May-20,0,20.5,0,9.3,0,5.5,0,0,1015.5,7.6,0,14,0,150,0,22,14.2,0,2696,20.575,4.3,6,74.7,74.7,77.1
30-May-20,0,20.7,0,7,0,2.8,0,0,1012.1,6,0,12,0,90,0,16,14.2,0,2635,20.825,4,5.5,76,76,78.4
31-May-20,0,19.7,0,6.9,0,3,3,0,1012.5,7.3,0,13,0,80,0,19,15,0,2779,20.7,3.9,5.6,77.2,77.2,79.6
01-Jun-20,0,20.6,0,5.7,0,1.9,3,0,1014.8,6.1,0,11,0,110,0,20,14.7,0,2877,21.2,4.1,5.8,78.4,78.4,80.9
02-Jun-20,0,25,0,5.5,0,2,0,0.4,1010.3,7.8,0,14,0,330,0,21,10.9,0,2526,21.2,4.5,6.1,79.3,79.3,81.8
03-Jun-20,0,14.7,0,7.5,0,10.1,0,1.2,1004.7,12.6,0,20,0,20,0,28,1.3,0,1075,17.375,1.9,2.9,78.7,78.7,81.1
04-Jun-20,0,17.4,0,6.5,0,5.6,0,0.1,997.6,11.6,0,18,0,300,0,25,1,0,1025,14.4,2.2,3.1,79.2,79.2,81.7
05-Jun-20,0,14.9,0,5.1,0,7.3,0,2.8,991.4,15.1,0,23,0,320,0,34,10,0,2268,14.275,3.2,5.2,77.3,77.3,79.8
06-Jun-20,0,12,0,4.9,0,4.3,0,0.6,992.9,16.2,0,25,0,280,0,34,0,0,530,11.05,1.3,2,77.1,77.1,79.6
07-Jun-20,0,16.9,0,7.5,0,8.7,0,0.1,1002.7,9.5,0,14,0,310,0,21,3.2,0,1370,13.4,2.5,3.6,77.7,77.7,80.2
08-Jun-20,0,17.1,0,4.6,0,3.7,0,0,1009.7,7.1,0,11,0,280,0,18,14.6,0,2854,16.55,3.8,5.5,78.8,78.8,81.4
09-Jun-20,0,14.6,0,3.8,0,0.6,0,0.1,1008.8,4.7,0,10,0,290,0,14,0.1,0,958,15.075,1.7,2.3,79.2,79.2,81.8
10-Jun-20,0,15,0,8.4,0,9.1,0,3.6,1003.7,7.5,0,16,0,20,0,21,0.4,0,989,14.625,2,2.7,76.2,76.2,78.7
11-Jun-20,0,14.3,0,9.8,0,8.2,0,5.1,1005.6,15.9,0,21,0,60,0,32,0.6,0,856,13.3,1.7,2.7,71.6,71.6,74.2
12-Jun-20,0,14.2,0,10.1,0,9.7,0,0.9,1001.9,15.8,0,21,0,30,0,31,0.1,0,499,12.475,1.3,1.9,71.2,71.2,73.7
13-Jun-20,0,16.8,0,11.1,0,11,0,5,999.5,8.6,0,14,0,40,0,18,2.3,0,1122,13.825,1.8,2.7,66.8,66.8,69.4
14-Jun-20,0,19.8,0,10.3,0,7.5,0,0.4,1003.5,6.2,0,13,0,50,0,17,5.6,0,1924,16.575,3,4.1,67.6,67.6,70.2
15-Jun-20,0,22,0,7.6,0,4.4,3,0,1005.7,4.5,0,10,0,110,0,14,14.4,0,2843,19.75,4.2,5.7,69.2,69.2,71.8
16-Jun-20,0,20.4,0,9.3,0,7.1,0,2,1005,4.4,0,8,0,300,0,11,2.8,0,1287,18.425,2.4,3.1,69.6,69.6,72.3
17-Jun-20,0,17.1,0,12.1,0,12.1,0,18.2,1004.1,4.5,0,9,0,330,0,13,0.3,0,787,16.85,1.6,2.1,52,52,54.7
18-Jun-20,0,15.9,0,9.8,0,7.6,0,5.5,1001.1,5.4,0,10,0,10,0,14,0,0,628,16.025,1.1,1.6,47.1,47.1,49.9
19-Jun-20,0,15.4,0,10.9,0,11.3,0,6,1000.9,6.9,0,18,0,270,0,24,0,0,845,14.85,1.6,2.2,42,42,44.8
20-Jun-20,0,19.4,0,8.9,0,5.4,0,1.7,999.4,10.4,0,20,0,160,0,32,7.8,0,2229,15.725,3.3,5,42.4,42.4,45.3
21-Jun-20,0,18.7,0,9.9,0,10.3,0,1.4,1001.2,10,0,18,0,270,0,28,9,0,2425,16.025,3.6,5.4,43.1,43.1,46.1
22-Jun-20,0,19.6,0,9.7,0,7.1,0,2.4,1005.7,12.2,0,20,0,200,0,39,1.6,0,1355,15.3,2.6,3.7,42.3,42.3,45.4
23-Jun-20,0,19.3,0,14.4,0,14.1,0,1.9,1007.3,8.2,0,14,0,210,0,23,0.1,0,935,16.65,2,2.7,41.6,41.6,44.8
24-Jun-20,0,20,0,11.1,0,9.9,0,0,1009.8,5.4,0,10,0,280,0,13,7.2,0,1845,17.3,2.9,4,43.4,43.4,46.7
25-Jun-20,0,23.1,0,10.8,0,7.7,2,0,1005.1,5.2,0,10,0,90,0,13,11,0,2544,19.95,3.9,5.3,45.8,45.8,49.1
26-Jun-20,0,22.7,0,13,0,14.2,0,1.1,995.7,7.8,0,15,0,150,0,22,4.7,0,1783,20.425,3.5,4.7,46.7,46.7,50.1
27-Jun-20,0,16.7,0,10.8,0,12.5,0,7.4,988,11.1,0,23,0,260,0,37,3.7,0,1525,16.875,2.2,3.4,40.5,40.5,44
28-Jun-20,0,16.1,0,10.5,0,9.9,0,1.3,990.7,15.5,0,22,0,260,0,38,1.5,0,1502,13.95,2.9,4.4,41.1,41.1,44.6
29-Jun-20,0,13.9,0,10.6,0,9.8,0,0.4,994.2,13.9,0,19,0,260,0,32,0.1,0,967,13.1,1.6,2.5,41.7,41.7,45.3
30-Jun-20,0,16.6,0,10.6,0,10.5,2,0,994.1,6.3,0,10,0,250,0,19,1,0,1413,14.7,2.3,3.2,43.1,43.1,46.8
01-Jul-20,0,15.5,0,11.8,0,11,0,12.2,994.5,3.3,0,7,0,160,0,9,0,0,736,15.475,1.4,1.8,30.7,30.7,34.4
02-Jul-20,0,18,0,10.1,0,9.6,0,0.4,1000.5,8,0,13,0,280,0,20,2.9,0,1832,15.725,3,4.2,32.4,32.4,36.3
03-Jul-20,0,18.9,0,11.2,0,10.4,0,2.8,998.4,11.2,0,17,0,220,0,32,0.3,0,1287,15.375,2.1,3.2,31.1,31.1,35
04-Jul-20,0,20.2,0,14.3,0,14,0,2.2,992.5,8.8,0,19,0,250,0,33,0.1,0,729,16.15,1.7,2.3,30.2,30.2,34.1
05-Jul-20,0,15.9,0,10.5,0,9.8,0,3.1,997.8,17.7,0,25,0,270,0,39,8.9,0,2170,14.725,2.9,5,29.2,29.2,33.2
06-Jul-20,0,16.9,0,9.7,0,8.7,2,0,1009.1,12.4,0,20,0,300,0,27,4.2,0,1717,14.025,2.9,4.4,31.3,31.3,35.5
07-Jul-20,0,14.3,0,10.3,0,9.4,0,11.5,1007.8,5.4,0,10,0,360,0,15,0,0,647,13.925,1.2,1.6,20.7,20.7,24.9
08-Jul-20,0,13.7,0,10.8,0,11,0,10.9,1002.6,7.5,0,11,0,90,0,14,0.1,0,818,14.1,1.3,1.9,10.8,10.8,15
09-Jul-20,0,16.9,0,10.7,0,11.3,0,2,1004.2,8.4,0,15,0,40,0,21,1.5,0,1072,14.825,2.1,2.9,10.7,10.7,15.1
10-Jul-20,0,17.4,0,7.3,0,5.8,2,0,1012.2,11.2,0,17,0,290,0,23,8,0,2225,14.65,3.1,4.8,13.5,13.5,18
11-Jul-20,0,17.7,0,7.3,0,4.9,3,0,1017.2,6.2,0,9,0,150,0,15,5.5,0,1762,14.9,2.6,3.7,15.8,15.8,20.4
12-Jul-20,0,18.9,0,8.7,0,5.3,0,0.4,1015.2,6.6,0,12,0,200,0,20,3,0,1761,16.425,2.8,3.9,17.8,17.8,22.5
13-Jul-20,0,18,0,12,0,13.7,0,0.6,1011.1,9.8,0,16,0,280,0,22,0.5,0,1106,16.725,2,2.9,18.9,18.9,23.7
14-Jul-20,0,14.4,0,10.1,0,9.2,0,3,1008.2,10.2,0,16,0,280,0,21,0.5,0,942,14.7,1.5,2.3,17.2,17.2,22
15-Jul-20,0,19.8,0,11.8,0,11.6,0,1.4,1007.8,12.7,0,19,0,280,0,25,3.4,0,1505,14.875,2.6,3.9,17.9,17.9,22.9
16-Jul-20,0,22.6,0,13.5,0,13,2,0,1010.8,11.2,0,20,0,280,0,26,4,0,1908,17.45,3.5,4.9,20.9,20.9,25.9
17-Jul-20,0,19.6,0,14.4,0,13.6,0,1,1007.9,9.7,0,14,0,240,0,27,0.3,0,925,16.875,2,2.7,21.5,21.5,26.6
18-Jul-20,0,18.2,0,8.9,0,11.9,0,3.2,1007.1,8.5,0,13,0,300,0,20,3.3,0,1688,17.075,2.4,3.6,20.2,20.2,25.4
19-Jul-20,0,18.7,0,5,0,1.9,3,0,1011.9,8.2,0,15,0,300,0,20,12.6,0,2458,16.25,3.5,5.1,23.1,23.1,28.4
20-Jul-20,0,18.5,0,5.2,0,1.6,0,0,1015.1,6.1,0,12,0,300,0,16,11.6,0,2448,16.55,3.4,4.8,25.7,25.7,31.1
21-Jul-20,0,18.5,0,9.5,0,7.1,2,0,1015.1,5.1,0,10,0,150,0,15,5.5,0,1967,18.4,2.9,4,28,28,33.4
22-Jul-20,0,20.5,0,12.8,0,10.5,0,2.4,1010.2,7.8,0,14,0,250,0,26,2.2,0,1545,18.075,2.6,3.6,27.5,27.5,33
23-Jul-20,0,19.5,0,11.1,0,13.2,0,4.2,1004.3,8.2,0,16,0,300,0,21,1.4,0,1178,17.4,2,2.8,24.8,24.8,30.4
24-Jul-20,0,19.4,0,9.7,0,6.6,0,4.6,998.2,6.2,0,11,0,230,0,21,1.2,0,1253,17.275,2.1,2.9,21.8,21.8,27.4
25-Jul-20,0,16.7,0,11.9,0,13.3,0,6,993.2,8.8,0,19,0,270,0,29,0.5,0,918,16.225,1.5,2.2,17.1,17.1,22.7
26-Jul-20,0,18.7,0,11.6,0,10.6,0,3.2,995.6,7.7,0,17,0,280,0,23,2.6,0,1287,15.35,2.3,3.2,15.8,15.8,21.5
27-Jul-20,0,18.7,0,11.1,0,12.7,0,11,991.7,12.8,0,24,0,280,0,33,5.2,0,1837,15.95,2.5,4,7,7,12.7
28-Jul-20,0,17.5,0,9.8,0,8.8,2,0,1004.3,13.4,0,20,0,290,0,28,6.9,0,1983,15.25,3,4.6,9.8,9.8,15.6
29-Jul-20,0,16.1,0,10.7,0,9,0,0.5,1007.2,6.2,0,11,0,150,0,16,0.7,0,1137,15.675,2,2.8,11.1,11.1,17
30-Jul-20,0,20.1,0,14,0,12.7,0,7.9,1002,7.7,0,18,0,150,0,24,0.7,0,1150,16.95,2.4,3.2,5.4,5.4,11.4
31-Jul-20,0,23.1,0,15.8,0,11.2,0,4.4,998.1,7.9,0,16,0,150,0,23,6.6,0,1468,17.775,3,4,3.8,3.8,9.9
01-Aug-20,0,18.3,0,12.5,0,12.1,0,1.5,1003.2,7.8,0,14,0,290,0,21,1.6,0,1253,16.925,2.3,3.1,4.5,4.5,10.7
02-Aug-20,0,18.2,0,9.6,0,9.7,0,2.1,1005.8,7.8,0,15,0,280,0,21,2.8,0,1485,16.075,2.5,3.5,4.9,4.9,11.1
03-Aug-20,0,18.3,0,8.2,0,3.8,0,0.1,1007,6.3,0,13,0,280,0,18,2,0,1762,15.9,2.7,3.8,7.4,7.4,13.7
04-Aug-20,0,23.3,0,11.6,0,10,0,2.8,999.2,11.6,0,19,0,220,0,33,5.9,0,1931,17,3.5,4.9,7.8,7.8,14.3
05-Aug-20,0,21.9,0,13.2,0,16,0,1.2,997.2,8.3,0,16,0,280,0,24,2,0,874,18,1.8,2.5,8.3,8.3,14.8
06-Aug-20,0,20.5,0,8.8,0,5.5,0,0,1003.6,6.7,0,13,0,160,0,18,3.8,0,1257,17.375,2.2,3,10.3,10.3,16.9
07-Aug-20,0,24,0,12.1,0,11.2,0,0.2,1008,6.8,0,14,0,290,0,22,4.6,0,1619,18.675,2.9,3.9,12.7,12.7,19.4
08-Aug-20,0,18.9,0,7.7,0,4.3,0,0,1013.2,5.4,0,10,0,90,0,16,14.4,0,2433,18.85,3.1,4.4,15.5,15.5,22.2
09-Aug-20,0,17.5,0,8.2,0,4.7,0,0,1010.6,7,0,12,0,70,0,19,1,0,1354,17.525,1.9,2.7,17.1,17.1,23.8
10-Aug-20,0,16.6,0,9.2,0,6.4,0,1.3,1008,5.8,0,12,0,40,0,17,0.2,0,476,16.125,0.9,1.3,16.5,16.5,23.3
11-Aug-20,0,18.8,0,10.9,0,8.2,0,0.1,1006.8,4.2,0,7,0,290,0,10,0,0,642,16.6,1.2,1.6,17.5,17.5,24.2
12-Aug-20,0,21.9,0,13.4,0,10.5,0,0,1005.5,5.5,0,10,0,60,0,14,2,0,1425,19.2,2.2,3,19.3,19.3,26.2
13-Aug-20,0,20.9,0,14.5,0,13.1,0,0,1005,7.5,0,11,0,30,0,15,3.5,0,1053,18.65,1.8,2.6,20.8,20.8,27.7
14-Aug-20,0,19.3,0,12.9,0,13.7,0,0,1006.1,6.7,0,10,0,30,0,15,3.5,0,1094,18.275,1.8,2.5,22.3,22.3,29.2
15-Aug-20,0,19.6,0,12.1,0,9.2,2,0,1005.5,7.5,0,13,0,70,0,22,6.1,0,1778,19.2,2.4,3.5,24.2,24.2,31.1
16-Aug-20,0,15.8,0,13.3,0,8.4,0,0.5,1002,9.3,0,13,0,60,0,19,0,0,245,17.075,0.6,0.9,24.2,24.2,31.1
17-Aug-20,0,15.6,0,14.5,0,14.8,0,9.1,996.5,7.9,0,10,0,20,0,17,0,0,308,16.325,0.7,1,15.6,15.6,22.5
18-Aug-20,0,21.3,0,14.4,0,14.2,0,11.5,993.8,5.1,0,10,0,240,0,17,2.2,0,1241,17.35,2.1,2.9,6,6,12.9
19-Aug-20,0,16.9,0,11,0,7.7,0,10.5,984.2,10.6,0,23,0,150,0,38,0,0,431,16.275,0.7,1.2,0,-3.8,3.1
20-Aug-20,0,20.3,0,14,0,12.2,0,3.7,979,16.6,0,26,0,160,0,39,3.4,0,1092,16.25,2.7,3.8,0,-1,2.1
21-Aug-20,0,19.6,0,14.2,0,13.1,0,1.1,980.9,13.5,0,21,0,210,0,38,7.3,0,1653,16.2,2.9,4.2,1.7,1.7,3.9
22-Aug-20,0,17,0,12.9,0,12.1,0,1.5,996.7,11.3,0,23,0,270,0,34,1.1,0,999,15.325,1.8,2.6,2,2,4.1
23-Aug-20,0,17.9,0,9.9,0,12.1,2,0,1004.5,11.1,0,18,0,270,0,26,4.7,0,1520,15.625,2.1,3.2,4,4,6.2
24-Aug-20,0,17,0,6.6,0,3.9,0,2.4,999.7,6.6,0,12,0,120,0,18,3.4,0,1400,15.325,1.8,2.6,3.3,3.3,5.6
25-Aug-20,0,18,0,12.4,0,13.2,0,20.8,982,16.8,0,28,0,290,0,39,0.2,0,576,15.475,1.2,1.9,0,-10,-10
26-Aug-20,0,19.4,0,11.3,0,10.3,0,0.1,1000,10.4,0,22,0,280,0,31,7.5,0,1664,14.975,2.6,3.7,2.5,2.5,-7
27-Aug-20,0,14.8,0,11.2,0,9.6,0,6.6,999,5.7,0,9,0,50,0,18,0.1,0,416,14.425,1,1.3,0,-3.2,-10
28-Aug-20,0,15.1,0,8.1,0,10.9,0,10,998.2,12.7,0,23,0,20,0,35,0.6,0,766,13.65,1.5,2.2,0,-8.5,-10
29-Aug-20,0,14.6,0,4.7,0,6.6,2,0,1007.3,11,0,15,0,350,0,23,1.8,0,1102,12.375,1.9,2.7,1.9,1.9,-7.6
30-Aug-20,0,16,0,3.8,0,1.3,0,0,1011.2,5.5,0,9,0,100,0,11,5.1,0,1458,12.625,2,2.8,3.8,3.8,-5.3
31-Aug-20,0,18.3,0,6.5,0,1.3,0,0,1009.8,5.5,0,13,0,150,0,20,6.3,0,1478,14.65,2.2,3,5.9,5.9,-2.8
01-Sep-20,0,20.1,0,10.7,0,6.1,2,0,1006.7,7,0,13,0,200,0,20,2.7,0,1246,15.6,2.3,3,8.1,8.1,-0.4
02-Sep-20,0,21.7,0,12.4,0,11.9,0,23.1,1000.9,8.9,0,17,0,280,0,26,1.2,0,694,16.375,1.6,2.1,0,-10,-10
03-Sep-20,0,18,0,11.2,0,12.6,0,0.2,1003,9.3,0,18,0,280,0,25,5.3,0,1467,16,2.1,3.1,1.9,1.9,-7.6
04-Sep-20,0,16.5,0,9.9,0,9.6,0,1.6,1008.8,9.5,0,19,0,280,0,32,6.6,0,1313,13.75,2,2.9,2.3,2.3,-6.8
05-Sep-20,0,15.8,0,9.1,0,8.1,0,3.4,1010.8,9.6,0,18,0,280,0,24,2.7,0,1086,12.875,1.7,2.5,0.6,0.6,-8.1
06-Sep-20,0,18.3,0,11.8,0,9.7,0,0.1,1010.7,7.8,0,13,0,290,0,17,5.2,0,1356,14.275,2.1,3,2.6,2.6,-5.7
07-Sep-20,0,17.9,0,11.7,0,9.4,0,3.3,1009.9,9.7,0,15,0,250,0,29,0.6,0,727,14.675,1.3,1.8,0.6,0.6,-7.4
08-Sep-20,0,21.9,0,15.9,0,15.2,0,0.3,1010.7,8.8,0,13,0,260,0,22,1.2,0,839,16.825,1.7,2.3,1.9,1.9,-5.7
09-Sep-20,0,17.2,0,9.9,0,7.9,0,0.5,1013.8,11.7,0,23,0,280,0,29,6.9,0,1405,15.575,1.5,2.5,2.9,2.9,-4.4
10-Sep-20,0,14.6,0,9.8,0,8.2,2,0,1011.3,6,0,10,0,240,0,17,0.1,0,668,13.65,1.6,2,4.4,4.4,-2.6
11-Sep-20,0,15.4,0,11.3,0,9,0,0.2,1003.1,9.6,0,14,0,220,0,27,0.4,0,606,13.125,1.4,1.9,5.5,5.5,-1.3
12-Sep-20,0,16.8,0,9.8,0,7.4,0,0,1004.8,9.8,0,16,0,220,0,30,4.6,0,1122,13.2,1.8,2.5,7.3,7.3,0.6
13-Sep-20,0,22,0,14.2,0,13.4,0,0,1006.8,11.1,0,17,0,240,0,31,8.3,0,1444,15.925,2.7,3.6,9.8,9.8,3.3
14-Sep-20,0,22.4,0,11.7,0,10.1,0,0.4,1008.4,4.8,0,11,0,200,0,18,5,0,1183,16.975,1.9,2.6,11.2,11.2,4.8
15-Sep-20,0,22.7,0,11.9,0,12.2,0,2.4,1009.6,4.3,0,9,0,270,0,12,6.6,0,1091,17.475,1.8,2.3,10.3,10.3,4.2
16-Sep-20,0,19,0,12,0,8.1,0,0,1016.1,7.3,0,13,0,60,0,21,5.7,0,1160,16.375,1.5,2.2,11.7,11.7,5.7
17-Sep-20,0,18.6,0,9.9,0,10.9,3,0,1018,6.8,0,11,0,110,0,15,9.2,0,1457,16.675,1.7,2.5,13.3,13.3,7.4
18-Sep-20,0,15.1,0,8,0,4,0,0.1,1014.8,11.6,0,19,0,80,0,26,9.4,0,1351,14.45,1.5,2.4,14.5,14.5,8.8
19-Sep-20,0,13.9,0,10.2,0,8.8,3,0,1012.2,13.2,0,18,0,50,0,25,2.6,0,576,13.225,1.2,1.8,15.5,15.5,10.1
20-Sep-20,0,14.7,0,4.6,0,6,0,0.1,1011.2,9.5,0,15,0,90,0,22,1.1,0,772,13.075,1.1,1.7,16.4,16.4,11.1
21-Sep-20,0,18.6,0,5.3,0,0.4,3,0,1006.1,5.7,0,13,0,280,0,18,10,0,1390,13.275,1.7,2.3,17.8,17.8,12.7
22-Sep-20,0,17.2,0,10.4,0,7,0,3.3,996.8,8,0,17,0,290,0,27,1.3,0,650,14.475,1.2,1.7,15.6,15.6,10.6
23-Sep-20,0,13.3,0,2.7,0,7.3,2,0,988.5,6.6,0,10,0,310,0,16,5.5,0,1023,12.6,1.2,1.7,16.6,16.6,11.8
24-Sep-20,0,11,0,5.2,1,-1.3,0,10.8,984.9,9.1,0,21,0,350,0,27,0.6,0,626,10.65,0.9,1.4,6.6,6.6,1.9
25-Sep-20,0,12.4,0,3.3,0,3,0,0.3,1000.6,12.6,0,21,0,320,0,34,8.4,0,1226,9.15,1.3,2.1,7.5,7.5,2.9
26-Sep-20,0,13.1,0,1.1,1,-1.7,3,0,1008.8,8.6,0,14,0,10,0,20,10,0,1356,8.825,1.5,2.2,8.9,8.9,4.4
27-Sep-20,0,14.3,0,0.9,1,-1.7,3,0,1007,5.6,0,10,0,290,0,13,9.4,0,1375,9.4,1.5,2.1,10.3,10.3,5.9
28-Sep-20,0,17.3,0,4.8,0,5.6,0,0.9,1003.5,7,0,16,0,300,0,21,4.1,0,818,12.275,1.1,1.5,10.3,10.3,6.1
29-Sep-20,0,15.5,0,4,0,0.4,0,0.3,1000.8,6.9,0,13,0,180,0,20,8,0,1112,10.8,1.4,2,11.3,11.3,7.2
30-Sep-20,0,14.6,0,6.3,0,9.9,0,9.6,990.7,9.4,0,15,0,310,0,25,0.3,0,422,12,0.9,1.3,2.5,2.5,-1.5
01-Oct-20,0,12.3,0,3.7,0,1.6,0,15.9,986.5,5.5,0,12,0,160,0,15,6.5,0,1032,9.825,1.2,1.6,0,-10,-10
02-Oct-20,0,12.7,0,5.3,0,4.4,2,0,987.1,10.8,0,16,0,10,0,22,10.1,0,1251,10.2,1.5,2.2,1.5,1.5,-8
03-Oct-20,0,11.8,0,5.3,0,3.1,0,0.1,984.7,12.2,0,18,0,330,0,25,0.1,0,458,9.25,0.9,1.3,2.3,2.3,-6.8
04-Oct-20,0,11.6,0,7.1,0,6.6,0,16.1,978,14.3,0,26,0,290,0,36,0,0,121,9.25,0.7,1,0,-10,-10
05-Oct-20,0,13.1,0,8.3,0,5.1,0,2,985,12.1,0,23,0,280,0,32,0.7,0,530,10.45,0.9,1.3,0,-1.1,-10
06-Oct-20,0,14.1,0,7.9,0,8.8,0,0.9,990,13.4,0,23,0,290,0,29,4,0,833,10.975,1.2,1.8,0.3,0.3,-9.2
07-Oct-20,0,13.3,0,7.4,0,6.7,0,12.2,997.8,7.3,0,14,0,270,0,22,4.3,0,763,10.1,0.9,1.3,0,-10,-10
08-Oct-20,0,13.4,0,7.7,0,8.3,0,4.4,1000,9.9,0,18,0,310,0,24,5.8,0,934,11.275,1.1,1.6,0,-3.3,-10
09-Oct-20,0,11.6,0,5.3,0,4.5,0,0.3,1008.8,11.5,0,19,0,300,0,33,6,0,898,9.375,1.2,1.7,0.9,0.9,-8.6
10-Oct-20,0,13.4,0,5.5,0,4.4,2,0,1015.5,14.6,0,24,0,290,0,33,8.2,0,1007,9.125,1.2,1.8,2,2,-7
11-Oct-20,0,12.4,0,5.6,0,4.1,0,0,1016.9,7,0,12,0,280,0,16,6.1,0,997,9.475,0.9,1.4,2.9,2.9,-5.8
12-Oct-20,0,13.3,0,6.4,0,2.1,0,1.6,1009.5,11.5,0,24,0,310,0,32,5.5,0,886,10.35,1,1.5,2.3,2.3,-6.1
13-Oct-20,0,11.8,0,6.4,0,5.6,2,0,1007.3,13.4,0,19,0,20,0,27,3.8,0,652,9.275,1,1.4,3.3,3.3,-4.8
14-Oct-20,0,13.6,0,8.2,0,8.9,0,1.4,1014.9,10.7,0,16,0,20,0,24,7.2,0,918,10.85,0.9,1.4,2.8,2.8,-5
15-Oct-20,0,12.7,0,3.5,0,1.7,0,1,1018.7,4.3,0,11,0,110,0,15,1.6,0,581,10.175,0.7,1,2.4,2.4,-5.1
16-Oct-20,0,12,0,4.5,1,-0.4,0,0.2,1016.3,7,0,13,0,90,0,17,1.3,0,500,9.075,0.9,1.2,3.1,3.1,-4.1
17-Oct-20,0,12.2,0,2.7,0,1.3,0,0.1,1013.8,7.8,0,15,0,70,0,20,1.4,0,406,9.725,0.5,0.8,3.5,3.5,-3.5
18-Oct-20,0,13,0,0.3,1,-2.9,2,0,1009.8,3,0,9,0,190,0,14,4,0,539,8.35,0.6,0.8,4.1,4.1,-2.7
19-Oct-20,0,12.7,0,10.8,0,4.9,0,5.6,994.6,10.2,0,16,0,150,0,25,0,0,130,10.1,0.9,1.2,0,-0.6,-7.3
20-Oct-20,0,14.7,0,11.1,0,10,0,0.6,979.8,15,0,24,0,180,0,38,0,0,241,10.9,1.2,1.5,0.6,0.6,-6.3
21-Oct-20,0,14.3,0,7,0,8.7,0,0.4,986.3,10.9,0,17,0,290,0,24,2.4,0,492,10.25,1,1.3,1.2,1.2,-5.4
22-Oct-20,0,10.7,0,6.2,0,5.5,0,0,994.5,9,0,14,0,270,0,23,3,0,586,8.775,1.1,1.4,2.3,2.3,-4
23-Oct-20,0,11.7,0,7.8,0,4.6,0,1.9,990.7,9.7,0,17,0,190,0,26,5.6,0,737,8.875,1.1,1.4,1.5,1.5,-4.6
24-Oct-20,0,13,0,7.2,0,6.5,0,2.6,981.7,11.3,0,22,0,190,0,36,1.2,0,280,8.85,1,1.3,0,-0.1,-6
25-Oct-20,0,11.5,0,6.6,0,2.2,2,0,976.8,11.2,0,16,0,240,0,27,8,0,811,7.725,1.2,1.5,1.2,1.2,-4.4
26-Oct-20,0,12,0,6.6,0,6.1,0,0.4,983.4,13.1,0,24,0,280,0,32,5.9,0,615,8.075,1,1.3,1.8,1.8,-3.7
27-Oct-20,0,11.9,0,6.6,0,5.2,0,2.3,981.9,10.2,0,25,0,270,0,32,3.7,0,504,8.025,0.8,1,0.2,0.2,-5
28-Oct-20,0,10,0,5.6,0,4.9,0,1.6,987,11.5,0,30,0,280,0,36,4.8,0,530,6.9,1,1.3,0,-0.4,-5.4
29-Oct-20,0,15.2,0,6.5,0,4.9,0,5.7,991.7,11.7,0,18,0,220,0,31,0,0,223,9.125,0.9,1.1,0,-4.8,-9.9
30-Oct-20,0,15.1,0,4.2,0,8.1,0,0.1,998.5,8.1,0,16,0,120,0,26,5.3,0,559,10.225,0.8,1,0.7,0.7,-8.7
31-Oct-20,0,15.2,0,8,1,-0.9,0,3.2,987,15.3,0,23,0,260,0,41,4.1,0,509,10.025,1.1,1.4,0,-1.4,-10
01-Nov-20,0,16,0,6.4,0,7.4,0,6.9,979.4,15.2,0,22,0,160,0,38,0.8,0,330,9.425,0.9,1.2,0,-6,-10
02-Nov-20,0,9.8,0,5.1,0,6.1,0,2.1,988.3,11.5,0,24,0,280,0,33,3,0,446,8.125,0.7,1,0,-1.4,-10
03-Nov-20,0,9.1,0,2.3,0,3.8,0,0.3,1008.3,11.7,0,18,0,270,0,25,5.9,0,548,6.05,0.8,1,0.5,0.5,-9
04-Nov-20,0,9.8,0,1.5,1,-0.1,2,0,1023.8,8.3,0,13,0,310,0,18,5.9,0,564,5.625,0.5,0.7,1,1,-8.1
05-Nov-20,0,9.1,0,4.9,0,0.3,0,0.3,1026.3,5.2,0,10,0,280,0,15,0.5,0,284,7,0.5,0.6,1.1,1.1,-7.5
06-Nov-20,0,11.1,0,3.3,1,-0.2,3,0,1016.3,5.8,0,12,0,100,0,18,6.6,0,594,7.775,0.3,0.5,1.5,1.5,-6.8
07-Nov-20,0,11.5,0,1.8,1,-1.5,0,0.5,1007.2,4.8,0,10,0,90,0,17,2.6,0,268,6.5,0.3,0.4,1.3,1.3,-6.7
08-Nov-20,0,14.3,0,10.6,0,5.5,0,6.6,1004.2,7.5,0,13,0,150,0,19,3.8,0,405,10.05,0.5,0.7,0,-4.8,-10
09-Nov-20,0,13.6,0,11.8,0,8.8,0,0.5,1004.9,7.8,0,12,0,150,0,18,0.2,0,168,10.75,0.5,0.7,0,0,-9.5
10-Nov-20,0,12.2,0,10.1,0,8.6,0,0.3,1006.4,6.5,0,13,0,170,0,21,0.6,0,269,10.5,0.5,0.6,0.2,0.2,-8.8
11-Nov-20,0,13.6,0,7.8,0,9.3,0,6.4,995,13.7,0,19,0,270,0,31,0,0,99,10.45,0.7,0.9,0,-5.5,-10
12-Nov-20,0,12.3,0,6.1,0,5.3,0,1.7,993.5,12.4,0,20,0,200,0,33,1.9,0,335,8.775,0.7,0.9,0,-1,-10
13-Nov-20,0,9.9,0,6,0,5.1,0,1.2,992.9,10.5,0,13,0,210,0,25,4.5,0,403,7.825,0.5,0.6,0,-0.7,-10
14-Nov-20,0,13.6,0,8.7,0,7.1,0,2.7,985.1,11.5,0,24,0,220,0,43,1.4,0,208,8.7,0.7,0.9,0,-2,-10
15-Nov-20,0,11.3,0,6.1,0,6,0,6.1,980.3,11.9,0,21,0,280,0,30,0.1,0,219,8.3,0.6,0.8,0,-5.5,-10
16-Nov-20,0,13.7,0,6.8,0,5.8,0,1.5,994.3,11.9,0,23,0,270,0,31,0,0,128,8.45,0.7,0.9,0,-0.8,-10
17-Nov-20,0,15.5,0,12.6,0,7.6,0,0,999.7,13.7,0,20,0,210,0,30,0.9,0,257,10.825,1,1.2,1,1,-8.5
18-Nov-20,0,14.4,0,6.8,0,8.8,0,1.5,996.8,16.2,0,27,0,270,0,39,2.8,0,325,10.025,1.1,1.3,0.6,0.6,-8.5
19-Nov-20,0,8,0,4.1,0,3.5,2,0,1012.5,12.2,0,28,0,270,0,41,5.5,0,427,7.15,0.5,0.6,1,1,-7.6
20-Nov-20,0,12.4,0,6.6,0,4.6,0,2.8,1015.8,12.2,0,17,0,230,0,28,0,0,123,8.55,0.6,0.8,0,-1.1,-9.4
21-Nov-20,0,11.1,0,6,0,8.8,0,1.5,1010.8,11.3,0,17,0,270,0,30,2.9,0,293,8.925,0.5,0.6,0,-1,-10
22-Nov-20,0,8.3,0,3.6,0,2.7,0,0,1014.8,6.1,0,9,0,250,0,15,6.6,0,425,5.875,0.3,0.4,0.3,0.3,-9.2
23-Nov-20,0,12,0,2.4,1,-1.9,2,0,1009.2,10.5,0,17,0,200,0,26,0,0,183,6.1,0.6,0.7,0.8,0.8,-8.2
24-Nov-20,0,13.1,0,4.9,0,7.5,0,4.3,997.4,12,0,18,0,170,0,32,0,0,76,8.65,0.8,0.8,0,-2.6,-10
25-Nov-20,0,7.6,0,3.1,0,2.2,0,0,1003.4,7.7,0,12,0,270,0,17,7,0,405,5.925,0.2,0.2,0.2,0.2,-9.3
26-Nov-20,0,7.5,0,1.3,0,1.1,3,0,1011.1,5.5,0,10,0,270,0,14,0,0,203,5.375,0.2,0.3,0.4,0.4,-8.6
27-Nov-20,0,7.9,1,-1.2,1,-5.5,0,0.2,1008.2,3,0,7,0,140,0,12,4.7,0,345,4.975,0.1,0.2,0.3,0.3,-8.3
28-Nov-20,0,10.2,0,0.6,1,-3.7,3,0,1008.3,6.3,0,11,0,80,0,15,0.6,0,222,4.8,0.3,0.4,0.6,0.6,-7.6
29-Nov-20,0,10.8,0,1.9,1,-0.8,3,0,1015.1,4.4,0,10,0,280,0,14,1.9,0,198,6.65,0.2,0.3,0.8,0.8,-7
30-Nov-20,0,10.2,0,2.8,0,7.1,0,0.7,1015.2,10.6,0,19,0,270,0,28,0,0,81,7.525,0.4,0.5,0.4,0.4,-7
01-Dec-20,0,8.9,0,3.4,0,0.4,3,0,1016.9,8.2,0,17,0,270,0,22,0.5,0,179,6.425,0.2,0.3,0.6,0.6,-6.4
02-Dec-20,0,8.7,0,4.7,0,4.2,0,0.4,1003.4,9.6,0,20,0,290,0,33,4.5,0,287,6.525,0.3,0.3,0.5,0.5,-6.3
03-Dec-20,0,5.4,1,-0.7,0,1.3,0,0.7,982.7,9.2,0,14,0,300,0,20,0,0,110,4.375,0.4,0.6,0.2,0.2,-6.2
04-Dec-20,0,7.3,1,-1.1,1,-1.6,0,2.6,973.3,17.5,0,25,0,350,0,37,2.5,0,188,2.6,0.5,0.7,0,-1.9,-8
05-Dec-20,0,7.5,1,-0.8,1,-0.5,0,0.9,985.2,11.8,0,20,0,340,0,31,1.9,0,237,4.575,0.3,0.4,0,-0.6,-8.2
06-Dec-20,0,0.3,1,-3.4,1,-3.2,3,0,993,6.5,0,10,0,280,0,12,0,0,188,1.775,0,0.1,0,0,-7.7
07-Dec-20,0,5.9,1,-4.4,1,-6,0,0.4,990.3,7.2,0,14,0,270,0,20,4.3,0,266,1.8,0.1,0.2,0,-0.2,-7.6
08-Dec-20,0,6.6,0,0.2,1,-1.5,3,0,994.3,13.6,0,19,0,290,0,26,2.3,0,199,2.125,0.4,0.5,0.4,0.4,-6.8
09-Dec-20,0,8.1,0,1.6,0,0.6,0,3.9,990.2,8.6,0,16,0,140,0,27,0,0,85,3.175,0.4,0.5,0,-3.1,-10
10-Dec-20,0,9.4,0,6.3,0,3.8,0,3.9,979.2,5.5,0,10,0,130,0,18,2.1,0,216,6.45,0.1,0.2,0,-3.8,-10
11-Dec-20,0,9.5,0,4.6,0,6.3,0,0.1,976.7,8.2,0,17,0,290,0,21,0.1,0,145,6.65,0.3,0.4,0.2,0.2,-9.3
12-Dec-20,0,6.8,0,2.3,0,1.6,3,0,988.5,9.8,0,15,0,270,0,23,6.4,0,320,4.275,0.2,0.2,0.4,0.4,-8.6
13-Dec-20,0,12.5,0,5.5,1,-0.3,0,16.4,981.4,13,0,20,0,140,0,32,1.6,0,144,6.375,0.7,0.8,0,-10,-10
14-Dec-20,0,10.2,0,6.6,0,6.7,0,0.7,977.2,11.5,0,20,0,210,0,32,4.1,0,299,6.45,0.5,0.5,0,-0.3,-9.8
15-Dec-20,0,9.3,0,5.9,0,4.2,0,0.9,985.7,8.5,0,17,0,140,0,28,5,0,261,4.975,0.4,0.4,0,-0.5,-9.8
16-Dec-20,0,9.9,0,6.2,0,4.1,0,7.7,985.5,13,0,23,0,150,0,36,0.1,0,99,6.4,0.6,0.8,0,-7.1,-10
17-Dec-20,0,12.4,0,5.5,0,4.4,0,2.6,993,9,0,15,0,190,0,25,1.6,0,156,5.825,0.5,0.6,0,-2.1,-10
18-Dec-20,0,14.2,0,8.4,0,5.3,0,1.5,986.1,10.5,0,20,0,210,0,33,0.5,0,141,8.1,0.8,0.9,0,-0.7,-10
19-Dec-20,0,9.9,0,5,0,6.5,2,0,984.2,11.8,0,18,0,220,0,33,3.8,0,219,6.25,0.7,0.8,0.7,0.7,-8.8
20-Dec-20,0,7.3,0,4.9,0,3.9,0,0,993.7,9.2,0,13,0,220,0,24,6.2,0,294,4.525,0.4,0.4,1.1,1.1,-7.9
21-Dec-20,0,9.1,0,1.4,0,0.3,0,3,992.5,6.7,0,12,0,330,0,17,0,0,65,5.575,0.3,0.4,0,-1.6,-10
22-Dec-20,0,6,0,0.6,1,-0.9,0,2.6,999.4,5.9,0,13,0,90,0,19,0.7,0,223,3.975,0.1,0.2,0,-2.5,-10
23-Dec-20,0,6.1,0,2,1,-0.3,0,12,1005.1,16.5,0,25,0,20,0,35,0,0,62,4.625,0.5,0.8,0,-10,-10
24-Dec-20,0,4.7,1,-1.3,0,0.2,3,0,1019.5,10.9,0,18,0,320,0,25,6.5,0,320,2.45,0.4,0.4,0.4,0.4,-9.1
25-Dec-20,0,7,1,-1.5,1,-3.6,2,0,1019.4,8.2,0,13,0,250,0,23,0.2,0,190,2.4,0.2,0.3,0.6,0.6,-8.4
26-Dec-20,0,8.4,0,5.7,0,1.7,0,14.8,990.2,13.5,0,24,0,260,0,38,0,0,105,5.075,0.6,0.8,0,-10,-10
27-Dec-20,0,6.2,0,0.7,0,0.8,0,5.1,962,12.8,0,23,0,270,0,34,3.4,0,260,3.475,0.3,0.3,0,-4.8,-10
28-Dec-20,0,4.8,0,2.5,1,-0.1,0,1.2,965.5,17.1,0,23,0,310,0,34,0.1,0,117,3.175,0.5,0.7,0,-0.7,-10
29-Dec-20,0,5.1,0,0.7,0,0.1,0,0.1,984.3,12.6,0,17,0,300,0,24,4.8,0,289,2.825,0.3,0.4,0.2,0.2,-9.3
30-Dec-20,0,2.8,1,-1.7,1,-0.9,3,0,994.4,8.2,0,12,0,270,0,16,1,0,187,1.525,0.2,0.3,0.5,0.5,-8.6
31-Dec-20,0,4.7,1,-2.2,1,-3,0,1.6,998.8,11.3,0,16,0,350,0,21,1.3,0,200,0.775,0.2,0.3,0,-0.9,-9.5
01-Jan-21,0,5,1,-1.9,1,-1.9,3,0,1005.9,8.8,0,13,0,330,0,19,6.6,0,341,2.05,0.1,0.1,0.1,0.1,-8.9
02-Jan-21,0,3.5,1,-2.4,1,-4.8,0,0.1,1011,10.1,0,14,0,270,0,19,2.4,0,192,0.95,0.2,0.2,0.2,0.2,-8.4
03-Jan-21,0,3.9,1,-2.5,1,-3,0,4.1,1014.2,9.2,0,19,0,60,0,30,0.6,0,146,0.6,0.3,0.5,0,-3.6,-10
04-Jan-21,0,5.3,0,2.2,1,-3.2,0,0.5,1016.7,11.5,0,18,0,60,0,27,0.6,0,146,1.65,0.7,0.9,0.2,0.2,-9.3
05-Jan-21,0,5.2,0,1.2,0,0,0,1,1017.5,9.5,0,16,0,40,0,25,1,0,176,1.95,0.6,0.7,0,-0.2,-9.2
06-Jan-21,0,2.7,1,-1.9,1,-0.1,0,5,1013.9,6.5,0,13,0,360,0,16,0.1,0,115,1.825,0.2,0.3,0,-4.8,-10
07-Jan-21,0,1.5,1,-1.7,1,-3.5,0,0.3,1009.6,8.5,0,15,0,270,0,19,0.3,0,164,0.825,0.2,0.3,0,-0.1,-9.6
08-Jan-21,0,1.9,1,-5.1,1,-3.1,3,0,1012.2,10.2,0,18,0,330,0,24,5.9,0,360,0.55,0.2,0.3,0.2,0.2,-8.9
09-Jan-21,0,2.4,1,-5.9,1,-9,3,0,1016.2,6.5,0,11,0,260,0,19,6.8,0,413,-0.025,0.1,0.1,0.3,0.3,-8.4
10-Jan-21,0,5.5,0,1.3,1,-5.1,2,0,1012.8,8.9,0,13,0,250,0,22,0,0,110,0.55,0.3,0.5,0.6,0.6,-7.6
11-Jan-21,0,9.4,0,4.7,0,2.3,0,4.4,1003.7,12.3,0,17,0,270,0,28,0,0,99,4.4,0.4,0.5,0,-3.4,-10
12-Jan-21,0,9.3,0,4.5,0,4.3,0,9.7,1003.4,6.5,0,17,0,290,0,25,1.2,0,223,5.875,0.3,0.4,0,-9.4,-10
13-Jan-21,0,11.1,0,5.7,0,4.3,0,6.9,1005.5,8.8,0,21,0,270,0,31,0,0,114,6.975,0.4,0.5,0,-6.5,-10
14-Jan-21,0,10.1,0,0.6,0,6.6,0,0.1,1009.8,12.8,0,19,0,290,0,25,3.5,0,331,6.9,0,0,0,-0.1,-9.6
15-Jan-21,0,9.3,1,-2.2,1,-4.3,0,5.7,1009.8,8.5,0,18,0,160,0,29,0,0,223,3.6,0.4,0.5,0,-5.3,-10
16-Jan-21,0,10.6,0,3.8,1,-1.5,0,0.8,1005.1,13.2,0,20,0,280,0,29,2.4,0,232,5.5,0.5,0.6,0,-0.3,-9.8
17-Jan-21,0,6.2,0,1.9,0,1,2,0,1013.2,9.1,0,15,0,270,0,22,0,0,149,3.325,0.5,0.6,0.5,0.5,-8.8
18-Jan-21,0,9,0,3.9,0,2.3,0,6.3,1003,6,0,12,0,240,0,21,0,0,149,4.475,0.4,0.5,0,-5.4,-10
19-Jan-21,0,11.1,0,8.1,0,4.3,0,16.9,983.7,8.7,0,15,0,220,0,24,0,0,125,7.1,0.4,0.6,0,-10,-10
20-Jan-21,0,10.4,0,0.9,0,3.3,0,7.8,971,8.1,0,14,0,280,0,21,0,0,48,5.675,0.4,0.6,0,-7.4,-10
21-Jan-21,0,5.6,0,0.4,0,0.2,3,0,973,12.6,0,22,0,270,0,31,4,0,383,3.225,0.4,0.5,0.4,0.4,-9.1
22-Jan-21,0,4.3,1,-0.2,1,-0.8,0,0.2,981,8.2,0,12,0,280,0,17,3.8,0,342,1.975,0.3,0.4,0.4,0.4,-8.6
23-Jan-21,0,3.5,1,-1.7,1,-2.2,3,0,985.8,7.7,0,15,0,270,0,19,5.9,0,478,1.55,0.3,0.4,0.8,0.8,-7.8
24-Jan-21,0,1.8,1,-3.1,1,-7.3,0,0.9,989.7,6.5,0,12,0,310,0,15,2.2,0,236,1.25,0.2,0.3,0.1,0.1,-8.1
25-Jan-21,0,4,1,-1.8,1,-3.4,3,0,999.6,6.6,0,10,0,250,0,16,5.9,0,444,0.7,0.3,0.4,0.4,0.4,-7.4
26-Jan-21,0,10,0,2.3,1,-0.5,0,1.8,999.1,7.9,0,15,0,270,0,23,0.3,0,181,3.125,0.5,0.6,0,-0.9,-8.3
27-Jan-21,0,10.7,0,7.6,0,4.2,0,10.4,994.8,5.5,0,11,0,130,0,19,0.1,0,216,6.35,0.4,0.5,0,-10,-10
28-Jan-21,0,11.9,0,7.3,0,7.4,0,2,985.9,8.3,0,18,0,260,0,28,0.1,0,177,7.475,0.5,0.7,0,-1.5,-10
29-Jan-21,0,9.6,0,5.5,0,5.7,0,1.3,986.3,10.9,0,22,0,280,0,31,0.4,0,220,6.675,0.5,0.6,0,-0.8,-10
30-Jan-21,0,6,0,3.3,0,3.4,0,20.7,988.5,21.6,0,29,0,80,0,43,0,0,68,5.125,0.8,1.2,0,-10,-10
31-Jan-21,0,3.9,0,1.6,0,1,0,8.2,987.2,11.6,0,16,0,130,0,26,0,0,66,3.25,0.6,0.9,0,-7.6,-10
01-Feb-21,0,6.4,0,2,0,0.7,0,3.8,983.4,7.8,0,16,0,130,0,25,0,0,251,4.5,0.3,0.5,0,-3.5,-10
02-Feb-21,0,10,0,4.8,0,0.8,0,19.4,976,7.1,0,15,0,110,0,24,0,0,199,6.2,0.3,0.5,0,-10,-10
03-Feb-21,0,9.1,0,6.1,0,5.7,0,2.1,981.1,8.7,0,13,0,230,0,22,2.9,0,447,6.525,0.6,0.7,0,-1.5,-10
04-Feb-21,0,10.1,0,6,0,5.6,0,2.8,989.8,7.8,0,13,0,190,0,23,1.1,0,253,6.425,0.7,0.8,0,-2.1,-10
05-Feb-21,0,6.4,0,2.2,0,2.7,0,0.1,995,5.5,0,10,0,270,0,13,0.2,0,317,5.775,0.3,0.4,0.2,0.2,-9.3
06-Feb-21,0,6.4,0,4.1,0,0,0,1.9,999,11.8,0,18,0,70,0,25,0.1,0,106,5.3,0.5,0.8,0,-1.2,-10
07-Feb-21,0,4.7,0,1.6,0,3.1,0,0.2,1000.6,20.1,0,24,0,80,0,34,0.1,0,143,3.825,1.1,1.7,0.9,0.9,-8.6
08-Feb-21,0,2.8,1,-0.2,0,1,0,1.3,999.2,18.4,0,23,0,80,0,33,0.2,0,205,1.825,1.1,1.6,0.7,0.7,-8.3
09-Feb-21,0,1.9,1,-0.2,1,-0.7,0,1.2,1000,17.6,0,22,0,80,0,31,0.1,0,192,1.3,1.1,1.6,0.6,0.6,-8.1
10-Feb-21,0,3.3,1,-0.6,1,-1.1,0,1.2,1007.8,12.5,0,19,0,80,0,26,3.7,0,557,1.55,1,1.4,0.4,0.4,-7.8
11-Feb-21,0,2,0,0,1,-0.9,0,0,1011.8,16,0,20,0,120,0,33,0,0,203,0.825,1.3,1.9,1.7,1.7,-6.1
12-Feb-21,0,4.5,0,0.8,0,0.5,0,0,1013,17,0,21,0,130,0,35,1.2,0,508,1.575,1.5,2.1,3.2,3.2,-4.3
13-Feb-21,0,4.3,0,0,1,-0.5,0,0.8,1009.3,20.5,0,28,0,150,0,43,0.2,0,148,1.8,0.8,1.3,3.2,3.2,-4.1
14-Feb-21,0,12.7,0,4.1,0,0,0,1.6,998.8,15.5,0,26,0,160,0,38,1.4,0,231,4.875,0.8,1.2,2.4,2.4,-4.6
15-Feb-21,0,12.7,0,7,0,4.8,0,1,994.9,9.6,0,19,0,160,0,27,3.1,0,513,6.025,1,1.3,2.4,2.4,-4.4
16-Feb-21,0,11.2,0,7,0,7.2,0,0.2,989.5,11.6,0,19,0,200,0,29,4.1,0,498,6.6,1,1.4,3.2,3.2,-3.3
17-Feb-21,0,10.5,0,5.6,0,4.5,0,0.7,984.3,12,0,19,0,210,0,36,4.1,0,638,6.1,1,1.3,3.5,3.5,-2.8
18-Feb-21,0,10.1,0,1.5,0,1.1,0,4.4,982.6,12.4,0,20,0,170,0,32,4.9,0,730,5.65,0.7,1,0,-0.3,-6.4
19-Feb-21,0,12.4,0,6.7,0,3.6,0,2.4,982.5,13.2,0,22,0,190,0,33,0,0,106,6.5,1.2,1.5,0,-1.2,-7.3
20-Feb-21,0,12.4,0,7.1,0,6.1,0,0.7,978.3,13.3,0,24,0,160,0,39,0.2,0,246,7.025,1.2,1.5,0.5,0.5,-6.5
21-Feb-21,0,11.9,0,6.6,0,5.3,0,0,991.2,10.8,0,21,0,210,0,33,4.1,0,684,6.325,1.5,1.9,2,2,-4.6
22-Feb-21,0,12,0,2.5,1,-2,3,0,1000.5,9.7,0,22,0,170,0,35,7.7,0,926,5.9,1.2,1.6,3.1,3.1,-3.2
23-Feb-21,0,14.2,0,8.3,0,6.8,0,8.4,995.4,18.6,0,31,0,200,0,50,0.1,0,245,8.075,1.3,1.7,0,-4,-10
24-Feb-21,0,11,0,6.9,0,8.5,0,0.6,1002.4,10.8,0,19,0,190,0,31,0.1,0,394,8,1,1.4,0.4,0.4,-9.1
25-Feb-21,0,9.9,0,3.4,0,3,0,0.2,1015,7.6,0,15,0,280,0,20,8.2,0,929,6.15,1,1.4,1.2,1.2,-7.8
26-Feb-21,0,11.6,0,1.8,1,-2.7,3,0,1025.2,6.1,0,12,0,210,0,19,7.6,0,945,5.4,1,1.4,2.3,2.3,-6.4
27-Feb-21,0,12.1,0,3.9,0,0.5,0,0,1029.2,3.8,0,6,0,220,0,10,4.4,0,773,6.075,0.9,1.3,3.1,3.1,-5.2
28-Feb-21,0,10.1,0,0,1,-2.9,3,0,1026.7,4.2,0,9,0,70,0,12,10.2,0,1157,7.325,0.7,1.1,3.8,3.8,-4.2
01-Mar-21,0,9.3,1,-2.2,1,-4.7,3,0,1021.3,5.9,0,12,0,80,0,16,4.3,0,854,5.85,0.6,0.9,4.4,4.4,-3.4
02-Mar-21,0,7.3,1,-3.1,1,-5.8,3,0,1018.9,4.7,0,8,0,60,0,11,0,0,411,4.55,0.5,0.7,4.9,4.9,-2.7
03-Mar-21,0,5.3,0,3.5,0,3.1,0,0,1018,6,0,9,0,40,0,12,0,0,209,5.3,0.6,0.8,5.4,5.4,-2
04-Mar-21,0,5.4,0,2.3,0,2.2,0,0.1,1018.3,8.2,0,14,0,100,0,19,0.2,0,227,4.625,0.6,0.9,5.9,5.9,-1.4
05-Mar-21,0,5.1,1,-3.5,0,3.1,3,0,1022.8,7,0,12,0,100,0,19,0.3,0,540,4.6,0.6,0.9,6.5,6.5,-0.7
06-Mar-21,0,7.3,1,-3,1,-7.5,3,0,1022.8,4.2,0,9,0,140,0,14,1.4,0,797,4.15,0.9,1.3,7.4,7.4,0.3
07-Mar-21,0,9.8,1,-0.3,1,-5.7,0,0,1017.7,4.8,0,8,0,270,0,12,10,0,1154,4.35,1.2,1.7,8.5,8.5,1.5
08-Mar-21,0,10.9,0,4.6,1,-1.4,0,0.6,1012.2,6.6,0,10,0,250,0,17,1.8,0,804,6.225,1.2,1.7,9,9,2.1
09-Mar-21,0,10.3,0,5.9,0,4.7,0,0.4,1000.1,12,0,23,0,210,0,37,0,0,308,6.8,0.9,1.3,9.5,9.5,2.6
10-Mar-21,0,13,0,6.9,0,6.2,0,8.4,978.4,12,0,23,0,220,0,39,0.1,0,326,7.6,1,1.4,2,2,-4.7
11-Mar-21,0,9.1,0,1.4,0,4.7,0,4.7,976.1,15.7,0,34,0,290,0,46,5.7,0,872,6.375,0.8,1.4,0,-1.9,-8.5
12-Mar-21,0,8.2,0,1.4,0,0.3,0,4.3,980.2,13.1,0,19,0,260,0,34,7.6,0,1140,5.3,1.1,1.8,0,-3.2,-10
13-Mar-21,0,7.6,0,2.7,0,2.1,0,5.1,985.1,18.5,0,26,0,270,0,38,6.9,0,1249,5.45,1.4,2.3,0,-3.7,-10
14-Mar-21,0,10.5,0,3.8,0,2.9,0,0.8,1003.2,15.3,0,22,0,280,0,33,0.5,0,607,5.55,1,1.6,0.2,0.2,-9.3
15-Mar-21,0,13.3,0,5.8,0,5.3,0,1,1013,10.1,0,19,0,270,0,26,1.8,0,620,7.95,1,1.4,0.2,0.2,-8.8
16-Mar-21,0,13.7,0,4.6,0,8.7,0,0.4,1022.3,11.4,0,16,0,320,0,24,7.4,0,1304,9.875,1.4,2.2,1.2,1.2,-7.4
17-Mar-21,0,13.2,0,2.9,0,1.5,0,0,1026.8,8.7,0,15,0,280,0,19,6.8,0,1303,7.925,1.5,2.2,2.7,2.7,-5.5
18-Mar-21,0,14.9,0,7.9,0,6.2,2,0,1023.5,10.9,0,16,0,320,0,23,5.2,0,1066,9.625,1.5,2.2,4.2,4.2,-3.7
19-Mar-21,0,11.8,0,1.3,0,0.6,3,0,1022.2,5.4,0,13,0,320,0,17,6.4,0,1234,9.025,1.2,1.8,5.4,5.4,-2.3
20-Mar-21,0,11.9,0,4.9,1,-2.6,0,0,1022.9,7.4,0,14,0,320,0,19,1,0,738,8.775,1,1.4,6.3,6.3,-1.2
21-Mar-21,0,12.1,0,5.9,0,4.8,2,0,1020.6,6.7,0,11,0,340,0,19,5.1,0,1235,9.4,1.6,2.2,7.8,7.8,0.4
22-Mar-21,0,9.7,0,7.3,0,5.6,0,0,1015.2,5.9,0,10,0,190,0,15,0,0,398,8.55,1.2,1.5,8.9,8.9,1.6
23-Mar-21,0,11.5,0,5.5,0,7,0,1,1007.7,10.4,0,18,0,210,0,28,0.5,0,554,8.225,1.4,1.9,9.1,9.1,2
24-Mar-21,0,12.2,0,4.5,0,2.9,2,0,1005.6,9,0,16,0,220,0,26,5.5,0,1211,7.525,1.7,2.4,10.7,10.7,3.7
25-Mar-21,0,11.9,0,6.2,0,5.6,0,0.2,998.5,11.8,0,18,0,210,0,28,3.4,0,1047,8.075,1.6,2.3,11.9,11.9,5.1
26-Mar-21,0,9.4,0,1.6,0,2.6,0,3.8,993.5,13.2,0,26,0,270,0,37,7.1,0,1342,7.175,1.5,2.5,9.5,9.5,2.8
27-Mar-21,0,10.3,0,1.4,0,0.7,0,0.7,1002.3,13.2,0,21,0,210,0,34,2.9,0,990,5.6,1.2,2,9.9,9.9,3.3
28-Mar-21,0,14.8,0,10,0,7.5,0,0.6,999.4,15.6,0,25,0,200,0,43,1.2,0,865,9.475,1.7,2.5,10.8,10.8,4.4
29-Mar-21,0,16.4,0,11.5,0,11.8,0,0,1007.8,14.2,0,19,0,230,0,34,7.3,0,1549,11.55,2.3,3.5,12.8,12.8,6.6
30-Mar-21,0,15.2,0,4.7,0,8.5,0,0,1012.8,7.1,0,13,0,210,0,21,11.1,0,1703,12.425,1.9,2.8,14.5,14.5,8.6
31-Mar-21,0,14.8,0,5.4,0,0.9,3,0,1010.1,5.8,0,10,0,50,0,14,4.8,0,1260,11.6,1.6,2.3,15.9,15.9,10.1
01-Apr-21,0,8.7,0,5.6,0,5.7,0,0,1016,13.2,0,19,0,70,0,25,1.2,0,658,9.5,0.9,1.5,16.8,16.8,11.2
02-Apr-21,0,9.3,1,-1.9,0,3.3,3,0,1022.6,8.6,0,14,0,80,0,19,8.5,0,1743,9.3,1.4,2.4,18,18,12.6
03-Apr-21,0,11.3,1,-1.4,1,-5.6,3,0,1023.9,4.9,0,10,0,60,0,13,11.6,0,1877,9.25,1.7,2.5,19.4,19.4,14.2
04-Apr-21,0,13.2,1,-0.8,1,-5.1,2,0,1016.1,11.2,0,22,0,300,0,29,10.5,0,1778,9.175,1.9,3.1,21,21,16
05-Apr-21,0,7.2,1,-1.4,0,1.5,0,0.1,1014,13.5,0,21,0,320,0,31,6.7,0,1670,8.725,1.3,2.4,22,22,17.2
06-Apr-21,0,7.9,1,-2.1,1,-3.4,0,0.2,1015.7,13,0,25,0,330,0,35,6.7,0,1566,6.15,1.7,2.8,23.1,23.1,18.5
07-Apr-21,0,7.8,1,-0.3,1,-1.2,0,0.5,1013.9,8.3,0,14,0,300,0,20,0.6,0,932,6.675,0.9,1.5,23.3,23.3,18.8
08-Apr-21,0,11.1,0,4.3,0,3.8,0,0.3,1007.2,10.4,0,16,0,250,0,30,3.2,0,1087,7.775,1.8,2.6,24.4,24.4,20.2
09-Apr-21,0,8,1,-1.6,0,2.1,0,1.8,1004.7,6.2,0,12,0,0,0,15,4.6,0,1070,7.75,1.2,1.8,23.6,23.6,19.5
10-Apr-21,0,7.9,1,-4.7,1,-7.1,2,0,1007.8,7,0,13,0,350,0,18,7.7,0,1444,5.5,1.6,2.3,24.8,24.8,20.9
11-Apr-21,0,7.9,1,-2.8,1,-4.4,0,1.4,1012.3,9.2,0,15,0,320,0,22,7.1,0,1546,5.5,1.5,2.4,24.5,24.5,20.8
12-Apr-21,0,9.8,0,1.3,1,-0.6,0,0.3,1018.2,5.7,0,9,0,140,0,14,2.4,0,1188,7.75,1.4,2,25.3,25.3,21.7
13-Apr-21,0,10.4,0,1.2,1,-1.2,3,0,1022,5,0,9,0,310,0,13,6.1,0,1363,8.275,1.5,2.2,26.5,26.5,23.1
14-Apr-21,0,11.6,1,-0.1,1,-2.9,2,0,1023.2,5.1,0,11,0,80,0,14,12.8,0,2167,10.25,2,3,28,28,24.8
15-Apr-21,0,12.2,1,-2.1,1,-6.5,3,0,1022.1,6.5,0,11,0,130,0,18,11.8,0,2089,10.1,2,3,29.5,29.5,26.5
16-Apr-21,0,11.4,1,-3,1,-7.3,3,0,1019.7,6.1,0,15,0,150,0,20,6.1,0,1481,8.95,1.7,2.5,30.7,30.7,27.9
17-Apr-21,0,12.3,1,-2.6,1,-8.5,3,0,1017.2,7.6,0,16,0,140,0,25,11.5,0,2164,9.5,2.3,3.5,32.4,32.4,29.8
18-Apr-21,0,11.1,0,3.1,0,5.7,0,0.9,1013.4,4.5,0,8,0,220,0,13,0,0,463,9.925,1,1.4,32.2,32.2,29.7
19-Apr-21,0,13,0,3.1,1,-0.4,0,0.7,1009.9,5.3,0,11,0,140,0,16,1.3,0,1389,10.25,1.8,2.6,32.8,32.8,30.5
20-Apr-21,0,11.8,0,6.6,0,5.8,0,0.7,1009.2,4.3,0,11,0,10,0,14,0.4,0,1018,11,1.6,2.1,33.2,33.2,31.1
21-Apr-21,0,12.8,0,1.7,1,-0.2,3,0,1012,8.1,0,16,0,80,0,20,7.7,0,1829,11.575,1.9,3,34.6,34.6,32.6
22-Apr-21,0,13,1,-0.3,1,-3.3,3,0,1015.2,6.5,0,10,0,110,0,16,13.4,0,2383,12.225,2.4,3.6,36.2,36.2,34.4
23-Apr-21,0,14.7,1,-1,1,-6.3,3,0,1015.8,6.6,0,12,0,140,0,20,13.2,0,2122,11.6,2.7,3.8,38,38,36.5
24-Apr-21,0,14.6,0,2.2,1,-3.2,3,0,1016.8,7.6,0,15,0,150,0,21,12.9,0,2422,12.7,2.7,4.1,39.8,39.8,38.5
25-Apr-21,0,11.1,1,-0.7,1,-2.7,3,0,1018.8,8.4,0,15,0,70,0,20,12.9,0,2345,12.5,2,3.3,41,41,39.9
26-Apr-21,0,16.1,1,-0.7,1,-4.8,3,0,1011.2,5.2,0,13,0,310,0,18,11.6,0,2330,13.425,2.7,3.9,42.7,42.7,41.8
27-Apr-21,0,11.4,0,5.6,0,3.8,0,1.3,1002.3,10.7,0,19,0,40,0,29,0.5,0,1065,12.575,1.7,2.5,42.5,42.5,41.6
28-Apr-21,0,10.5,0,3.1,0,5.5,2,0,1002.5,13.3,0,20,0,40,0,29,3.9,0,1530,10.875,2.1,3.3,43.7,43.7,43
29-Apr-21,0,9.8,1,-0.5,1,-3.8,0,1.3,1004.8,5.3,0,11,0,90,0,15,4.9,0,1425,10.175,1.6,2.4,43.4,43.4,42.8
30-Apr-21,0,9.7,1,-2.8,1,-5.1,0,1.3,1007,6,0,12,0,60,0,18,8.1,0,1856,9.35,1.8,2.8,43.2,43.2,42.7
01-May-21,0,11.3,1,-1.9,1,-4.4,2,0,1008.3,4.8,0,7,0,60,0,12,7.6,0,1622,9.3,2,2.8,44.4,44.4,44.1
02-May-21,0,12.9,0,2,1,-1.7,2,0,1008.7,5.4,0,12,0,300,0,16,7.5,0,1888,11.125,2.5,3.5,45.9,45.9,45.7
03-May-21,0,12.5,0,5.1,0,2.1,0,10.2,991.5,13.6,0,27,0,310,0,38,2.4,0,1024,9.775,1.7,2.6,36.6,36.6,36.6
04-May-21,0,10.1,0,2.6,0,3.9,0,1.3,992,18.5,0,27,0,310,0,36,8,0,1823,8.425,2.2,4,36.8,36.8,36.9
05-May-21,0,10.6,0,0.3,0,0.5,0,2.7,1000,8.7,0,16,0,290,0,25,6.4,0,1588,7.775,1.9,2.9,35.4,35.4,35.6
06-May-21,0,12,1,-1.7,1,-4.2,0,0.1,1000.8,9.9,0,18,0,330,0,26,12.1,0,2489,8.05,2.8,4.4,37.2,37.2,37.6
07-May-21,0,11.1,0,0.6,1,-2.5,2,0,1001.8,8.5,0,15,0,120,0,21,11.3,0,2394,9.1,2.7,4.1,39,39,39.5
08-May-21,0,17.7,0,5.4,0,4.6,0,20.4,988.6,11.7,0,20,0,110,0,27,6,0,1872,11.1,2.8,4.3,20.4,20.4,21.1
09-May-21,0,14.4,0,9.1,0,7.8,2,0,977.9,12.5,0,22,0,190,0,34,4.1,0,1289,10.675,2.5,3.6,22.4,22.4,23.3
10-May-21,0,15.3,0,8,0,8.8,0,3.6,982.5,10.8,0,19,0,170,0,27,2.6,0,1312,11.625,2.4,3.5,20.7,20.7,21.8
11-May-21,0,14.1,0,2.6,0,4.7,0,0,991.5,9.9,0,15,0,130,0,23,13,0,2716,11.55,2.9,4.7,23.1,23.1,24.4
12-May-21,0,12.3,0,0.3,1,-4.5,0,1.4,996.3,4.8,0,9,0,110,0,16,3.2,0,1620,11.275,1.9,2.8,23.2,23.2,24.6
13-May-21,0,14.2,0,1.9,1,-1.2,3,0,999.8,4.6,0,8,0,100,0,11,9.1,0,2068,11.725,2.5,3.5,25.2,25.2,26.7
14-May-21,0,14.2,0,2.6,1,-1.9,2,0,996.4,6.5,0,12,0,140,0,18,5.3,0,1872,12.475,2.3,3.4,26.9,26.9,28.6
15-May-21,0,11.9,0,6.3,0,6.3,0,3.8,988.6,7.1,0,13,0,110,0,19,0.7,0,1009,11.875,1.5,2.2,24.2,24.2,26
16-May-21,0,14.2,0,2.9,0,0.3,0,0.1,988.3,5.7,0,10,0,70,0,17,8.2,0,2334,13.025,2.6,3.9,26.2,26.2,28.1
17-May-21,0,14.8,0,4.5,0,2.6,0,0.7,996.2,8.2,0,15,0,280,0,19,6.9,0,1769,12.35,2.5,3.6,27.4,27.4,29.5
18-May-21,0,14,0,6,0,3.2,0,2.7,1002.8,5.9,0,13,0,290,0,19,8.1,0,1822,12.5,2.4,3.5,26.5,26.5,28.7
19-May-21,0,16.5,0,4.7,0,3.9,0,0.1,1007.2,7,0,13,0,280,0,18,10.4,0,2371,13.075,3.3,4.7,28.9,28.9,31.3
20-May-21,0,13.7,0,7.8,0,5.5,0,10,989.4,13.1,0,27,0,150,0,43,0.2,0,551,11.55,1.5,2.1,20,20,22.4
21-May-21,0,11.2,0,7.6,0,8,0,6.2,982.5,14.8,0,20,0,290,0,26,0,0,560,10.65,1.1,1.8,14.7,14.7,17.2
22-May-21,0,12.6,0,3.1,0,2.2,0,0.2,994.3,9.6,0,16,0,310,0,22,7,0,1900,10.475,2.5,3.8,16.6,16.6,19.3
23-May-21,0,12.9,0,4,0,4.6,0,4,990.2,8,0,18,0,270,0,25,2.3,0,1324,10.6,2.1,3,14.4,14.4,17.2
24-May-21,0,14.5,0,1.3,1,-1.1,0,0.3,994.2,11.1,0,20,0,280,0,28,11.1,0,2518,11.05,3,4.8,16.7,16.7,19.6
25-May-21,0,14.5,0,5.2,0,5.6,0,5.1,1004.6,9,0,16,0,280,0,22,5.7,0,1550,11.675,2.3,3.4,13.5,13.5,16.6
26-May-21,0,16.1,0,4.7,0,3.4,0,0,1006.9,6.1,0,10,0,300,0,13,7.8,0,2034,13.275,2.8,4,16,16,19.2
27-May-21,0,15.9,0,7.6,0,1.9,0,3.2,1008.7,7.1,0,13,0,140,0,21,7.7,0,1900,13.375,2.9,4.1,15.2,15.2,18.6
28-May-21,0,13,0,10.4,0,10.2,0,7.4,1011.8,6.8,0,11,0,150,0,17,0,0,812,13.275,1.3,1.9,8.9,8.9,12.4
29-May-21,0,17.1,0,8.3,0,8,3,0,1016.4,4.8,0,11,0,90,0,14,10.4,0,2399,15.375,3.2,4.5,11.9,11.9,15.5
30-May-21,0,20.4,0,5.6,0,1.8,3,0,1016.1,5.7,0,13,0,100,0,18,15.2,0,2868,16.95,3.9,5.5,15.3,15.3,19.2
31-May-21,0,19.7,0,5.7,0,1.8,3,0,1009,7.4,0,15,0,150,0,23,13.9,0,2888,17.275,3.9,5.7,18.7,18.7,22.7
01-Jun-21,0,19.6,0,9.8,0,8.1,3,0,1004,6.5,0,12,0,100,0,15,11.9,0,2603,18.65,3.7,5.3,21.8,21.8,26
02-Jun-21,0,17.9,0,9.7,0,5.7,2,0,1001.8,6.4,0,11,0,70,0,15,3.4,0,1314,17.3,2.2,3.1,23.6,23.6,27.9
03-Jun-21,0,19.1,0,9.5,0,10.6,0,0,1005.8,9,0,15,0,180,0,24,11.3,0,2629,18.35,3.8,5.6,26.6,26.6,31
04-Jun-21,0,18.9,0,9.1,0,7.1,0,0,1011.3,7.5,0,13,0,150,0,19,7.3,0,1948,18.275,3.4,4.7,29.1,29.1,33.7
05-Jun-21,0,18.1,0,7.9,0,7,2,0,1013.2,7,0,12,0,270,0,18,3,0,1578,17.6,2.5,3.5,31,31,35.6
06-Jun-21,0,17.2,0,7.1,0,3.1,0,0,1014.8,5.2,0,11,0,100,0,14,6.6,0,1921,16.5,2.9,4,33,33,37.7
07-Jun-21,0,19,0,7.9,0,5.9,0,0,1011.6,5.3,0,11,0,210,0,18,8,0,2242,18.475,3.5,4.8,35.5,35.5,40.2
08-Jun-21,0,19.2,0,11.6,0,8.6,0,0,1009.4,8.5,0,14,0,180,0,25,1.7,0,1638,18.4,2.9,4.1,37.5,37.5,42.3
09-Jun-21,0,21.3,0,13.6,0,12.2,2,0,1006.9,8,0,14,0,220,0,24,3.6,0,1549,18.55,2.8,3.9,39.3,39.3,44.2
10-Jun-21,0,21.6,0,13.9,0,13.1,3,0,1004.7,10.3,0,18,0,210,0,27,5.4,0,1923,19.275,3.3,4.7,41.4,41.4,46.4
11-Jun-21,0,18.4,0,11,0,14,0,0,1007.7,11.2,0,20,0,270,0,28,4.8,0,1858,18.825,2.9,4.4,43.3,43.3,48.2
12-Jun-21,0,20,0,10.1,0,9.3,0,0,1014.4,6.5,0,11,0,280,0,15,1.4,0,1740,18.15,3,4,45.1,45.1,50.1
13-Jun-21,0,23.7,0,12.5,0,8.4,0,0,1013.7,5,0,12,0,310,0,21,0.7,0,1361,20.175,2.8,3.6,46.7,46.7,51.7
14-Jun-21,0,17.8,0,9.2,0,11.2,0,0.2,1012.2,10.5,0,18,0,280,0,25,4.1,0,1981,18.475,2.8,4.3,48.1,48.1,53.2
15-Jun-21,0,22.8,0,5.7,0,1.2,0,0,1007.2,7.3,0,15,0,220,0,25,8.1,0,2386,19.325,3.8,5.3,50.3,50.3,55.3
16-Jun-21,0,18.1,0,9.6,0,10.4,0,0.6,1000.1,7.2,0,13,0,210,0,20,1.3,0,1264,18.475,2.3,3.1,50.9,50.9,56
17-Jun-21,0,18.2,0,7.9,0,4,2,0,1005.2,8.2,0,14,0,270,0,21,7.5,0,2246,18.1,3.5,5,52.8,52.8,57.9
18-Jun-21,0,16,0,4,0,2.8,0,0,1008.7,6.5,0,11,0,30,0,16,8.4,0,2191,17.75,3,4.3,54.4,54.4,59.4
19-Jun-21,0,16.8,0,2.9,1,-0.8,3,0,1003.2,6.2,0,14,0,80,0,20,7.9,0,2557,18.4,3.2,4.7,56,56,61.1
20-Jun-21,0,16.4,0,9.3,0,9.3,0,0,1001.6,8.4,0,14,0,80,0,23,11.8,0,2795,20.475,3.4,5.3,57.7,57.7,62.7
21-Jun-21,0,18,0,6.3,0,6.8,2,0,1008.8,11.5,0,16,0,10,0,23,9.6,0,2586,19.25,3.8,5.8,59.5,59.5,64.5
22-Jun-21,0,18,0,5.4,0,4,0,0.2,1014.5,7.6,0,15,0,300,0,20,10.6,0,2703,19.2,3.7,5.4,60.9,60.9,66
23-Jun-21,0,18.6,0,9.6,0,9.3,0,8.1,1014.7,6.1,0,10,0,260,0,14,0,0,767,16.35,1.5,2,53.5,53.5,58.5
24-Jun-21,0,18.6,0,11.1,0,11.2,0,2.6,1011.6,10.8,0,19,0,320,0,29,3.1,0,1550,16.625,2.3,3.5,52.1,52.1,57.1
25-Jun-21,0,13.8,0,9.1,0,8.5,0,0.9,1010.5,11,0,17,0,320,0,26,0.1,0,661,13.55,1.7,2.3,52,52,57.1
26-Jun-21,0,14.7,0,8.8,0,7.8,0,0,1011.4,10.2,0,15,0,40,0,24,2.3,0,1328,13.65,2.1,3.1,53.1,53.1,58.2
27-Jun-21,0,18.2,0,6.6,0,3.9,0,0,1010.4,8.5,0,13,0,50,0,21,9.1,0,2549,15.875,3.3,5,54.8,54.8,59.9
28-Jun-21,0,19.8,0,6.5,0,5.1,0,0,1008.3,5,0,9,0,90,0,15,4.2,0,1966,17.725,3,4.1,56.3,56.3,61.4
29-Jun-21,0,22.7,0,7,0,4,0,0,1008.8,5.7,0,9,0,290,0,14,14.9,0,2730,19.95,4.2,5.7,58.4,58.4,63.4
30-Jun-21,0,19.4,0,7.6,0,5.5,3,0,1008.9,6.2,0,10,0,280,0,14,8.1,0,2388,20.425,3.4,4.8,59.9,59.9,65
01-Jul-21,0,19.6,0,6.1,0,3.7,3,0,1008,4.7,0,10,0,150,0,13,6.5,0,2110,20.425,3,4.1,61.3,61.3,66.3
02-Jul-21,0,19.5,0,10.6,0,9.3,2,0,1004.5,6.1,0,11,0,110,0,18,3.1,0,1731,20.3,2.8,3.9,62.5,62.5,67.6
03-Jul-21,0,18.8,0,12.4,0,11.7,0,0.7,998.4,6.4,0,11,0,140,0,18,0.7,0,1091,18.875,2,2.7,62.7,62.7,67.7
04-Jul-21,0,19.9,0,12.5,0,10,0,9.9,993.3,6.2,0,14,0,140,0,20,3.4,0,1599,18.9,2.7,3.7,54,54,58.9
05-Jul-21,0,19,0,10.5,0,10.3,0,0.5,990,7.5,0,12,0,110,0,19,7.1,0,2117,17.9,3.4,4.8,55.2,55.2,60.2
06-Jul-21,0,16.6,0,8.8,0,5.5,0,14.5,989.1,6.2,0,11,0,270,0,16,0.8,0,832,16.075,1.5,2,41.4,41.4,46.4
07-Jul-21,0,20.3,0,11.9,0,11.4,0,0,999.7,6.6,0,13,0,290,0,16,2.8,0,1518,17,2.7,3.7,43.2,43.2,48.2
08-Jul-21,0,19.6,0,12.1,0,11.1,0,0,1009.1,5.5,0,9,0,240,0,13,1.8,0,1542,17.3,2.7,3.6,44.8,44.8,49.8
09-Jul-21,0,17.4,0,13.9,0,13.9,0,0.1,1009.2,4.8,0,10,0,130,0,14,0.1,0,773,16.85,1.8,2.3,45.8,45.8,50.8
10-Jul-21,0,19.4,0,9.9,0,12.6,0,0,1005.2,6.1,0,10,0,90,0,15,5.2,0,1967,17.825,3,4.2,47.5,47.5,52.6
11-Jul-21,0,16.4,0,13.1,0,6.1,0,5.7,1001.8,7.9,0,13,0,140,0,19,0.9,0,903,16.45,1.6,2.3,42.7,42.7,47.8
12-Jul-21,0,20.1,0,13.4,0,13.3,0,3.7,1004.1,4.9,0,8,0,300,0,11,1.4,0,1027,16.85,2,2.7,40.3,40.3,45.4
13-Jul-21,0,19.1,0,10.7,0,9.9,0,0.1,1008.3,7.2,0,12,0,280,0,18,0.8,0,1167,16.8,2.1,2.9,41.5,41.5,46.6
14-Jul-21,0,22.3,0,10.3,0,6.6,0,0,1012,8.8,0,13,0,280,0,21,6.6,0,2288,17.925,3.4,4.9,43.6,43.6,48.8
15-Jul-21,0,24.1,0,13.1,0,13.9,0,0,1015.8,7.3,0,16,0,290,0,19,5.9,0,2160,20.275,3.7,5,45.8,45.8,51
16-Jul-21,0,24.7,0,12.2,0,10.6,3,0,1019,4.5,0,9,0,90,0,13,13,0,2649,22.825,4.3,5.7,48.3,48.3,53.5
17-Jul-21,0,26.8,0,12.6,0,10,3,0,1019.2,3.9,0,9,0,120,0,13,15.1,0,2763,24.65,4.6,6.1,50.9,50.9,56.2
18-Jul-21,0,23.9,0,12.9,0,10,3,0,1016,6.2,0,10,0,80,0,14,14.7,0,2786,24.875,4.2,5.9,53.2,53.2,58.4
19-Jul-21,0,23.4,0,13.7,0,12.2,3,0,1012.2,6.5,0,11,0,90,0,14,13.5,0,2706,24.675,4.1,5.7,55.3,55.3,60.6
20-Jul-21,0,23.6,0,12.4,0,9.3,3,0,1011.4,5.6,0,9,0,80,0,14,14.7,0,2695,24.8,4.1,5.6,57.4,57.4,62.6
21-Jul-21,0,26,0,10.5,0,7.8,0,0,1013.3,4.8,0,10,0,100,0,13,14.5,0,2762,25.175,4.4,5.9,59.5,59.5,64.7
22-Jul-21,0,26.1,0,10.3,0,6.5,0,0,1012.1,5.5,0,11,0,90,0,16,13.8,0,2475,24.825,4.1,5.5,61.4,61.4,66.6
23-Jul-21,0,23.6,0,13.2,0,9.8,3,0,1006.9,8.1,0,14,0,80,0,19,10.1,0,2275,24.025,3.3,4.8,62.8,62.8,68
24-Jul-21,0,19.5,0,9.3,0,12.3,0,0,1002.2,9.8,0,16,0,70,0,22,9.5,0,2344,22.6,2.9,4.6,64.1,64.1,69.2
25-Jul-21,0,24.5,0,8.5,0,5.3,0,0,1001,4,0,8,0,100,0,14,11.8,0,2501,22.625,3.9,5.2,65.7,65.7,70.8
26-Jul-21,0,19.8,0,10.1,0,7.9,2,0,1000.3,7.1,0,12,0,280,0,17,2.5,0,1056,20.575,2,2.7,66.5,66.5,71.6
27-Jul-21,0,20,0,13.2,0,13.1,0,5,998.3,7,0,15,0,280,0,21,0.9,0,919,19.3,2,2.6,62.3,62.3,67.4
28-Jul-21,0,16.7,0,10.7,0,11.2,0,5.1,994.9,11,0,25,0,280,0,36,3.8,0,1371,15.875,2.3,3.3,58.2,58.2,63.2
29-Jul-21,0,17.7,0,10.2,0,9.6,0,0,996.8,9.6,0,17,0,260,0,26,5.1,0,1634,15.35,2.7,3.9,59.5,59.5,64.5
30-Jul-21,0,18.2,0,12.6,0,10.8,0,26.9,996.6,8,0,15,0,290,0,21,0.4,0,912,15.775,1.8,2.4,33.4,33.4,38.4
31-Jul-21,0,18.4,0,12.5,0,12.2,0,0.7,1000.3,6.7,0,11,0,270,0,17,0.3,0,959,16.2,1.8,2.5,34,34,39
01-Aug-21,0,18.5,0,10.7,0,10.2,2,0,1004,6.1,0,11,0,300,0,17,2.1,0,1529,16.325,2.7,3.7,35.8,35.8,41
02-Aug-21,0,16.5,0,7.4,0,6.1,2,0,1005.4,5.8,0,11,0,260,0,15,2,0,1143,15.4,1.8,2.5,37.1,37.1,42.2
03-Aug-21,0,17.8,0,10,0,6.7,0,0.8,1003.2,3.5,0,7,0,120,0,10,2.5,0,997,15.45,1.8,2.3,37.4,37.4,42.6
04-Aug-21,0,21.8,0,8.8,0,6,0,0.3,998.9,6,0,13,0,220,0,20,4.4,0,1684,17.025,2.8,3.8,39,39,44.2
05-Aug-21,0,18.9,0,13.3,0,13.2,0,25.8,988.2,7.8,0,18,0,130,0,28,0.6,0,734,17.15,1.6,2.1,14.2,14.2,19.4
06-Aug-21,0,17.9,0,13.6,0,11.3,0,1.6,981.9,11.3,0,18,0,240,0,32,2,0,1314,16.4,2.1,3.2,14.5,14.5,19.8
07-Aug-21,0,16.9,0,13.7,0,12.8,0,9.1,983.7,12.5,0,19,0,260,0,31,1.4,0,1078,15.725,1.7,2.6,6.8,6.8,12.2
08-Aug-21,0,19.1,0,11.9,0,13.3,0,0.4,991.3,12.8,0,22,0,280,0,31,5.2,0,1370,15.75,2.6,3.8,8.9,8.9,14.4
09-Aug-21,0,18.6,0,11,0,9.7,0,3.8,999,8.3,0,13,0,260,0,20,2.7,0,1297,15.025,2.1,3,7,7,12.6
10-Aug-21,0,19.1,0,12.3,0,12.3,2,0,1003.5,5.9,0,10,0,280,0,15,2.4,0,1218,16.4,2.3,3,9.2,9.2,14.8
11-Aug-21,0,19.5,0,8.7,0,13.8,0,1.5,1002.7,7.7,0,15,0,280,0,28,4.3,0,1184,16.75,2.1,2.9,9.5,9.5,15.2
12-Aug-21,0,19.4,0,9.9,0,3.2,0,3.4,1002.4,9.3,0,20,0,190,0,32,5.7,0,1350,14.75,2.6,3.5,8.5,8.5,14.3
13-Aug-21,0,19.4,0,12,0,9.3,0,0,1005.7,10,0,15,0,240,0,29,5.1,0,1544,15,3,4.1,11.3,11.3,17.2
14-Aug-21,0,15.2,0,12.3,0,11.5,0,2.2,1005.5,5.6,0,11,0,260,0,18,0,0,639,15.1,1.2,1.7,10.2,10.2,16.1
15-Aug-21,0,18.1,0,11.5,0,11.9,0,0.1,1003.8,7,0,17,0,310,0,23,1.9,0,1012,16,1.9,2.5,11.8,11.8,17.8
16-Aug-21,0,16.4,0,12,0,10.1,0,0.1,1009.7,13.2,0,20,0,290,0,29,0.8,0,1017,14.75,2,2.9,13.4,13.4,19.5
17-Aug-21,0,18.3,0,12.2,0,11.4,0,0.1,1011.3,14.8,0,23,0,280,0,31,0.6,0,1200,15.225,2.1,3.2,15.2,15.2,21.3
18-Aug-21,0,17.2,0,11.7,0,10.8,2,0,1008,9,0,13,0,270,0,18,0.2,0,818,15.125,1.7,2.4,16.7,16.7,22.8
19-Aug-21,0,19.2,0,10.2,0,5.2,0,0.4,1002.6,4.5,0,10,0,100,0,12,1,0,1033,16.15,1.7,2.3,17.7,17.7,23.9
20-Aug-21,0,20.5,0,12.9,0,12.2,0,3.9,1001.3,6.1,0,12,0,150,0,18,0.5,0,782,16.875,1.5,2,15.1,15.1,21.3
21-Aug-21,0,18.6,0,12.8,0,12.7,0,10.1,1003.3,5.7,0,10,0,320,0,14,1.5,0,833,16.975,1.5,2,6.3,6.3,12.6
22-Aug-21,0,19.2,0,12.2,0,11.6,0,0.2,1011.3,5.5,0,11,0,260,0,15,1.8,0,888,16.325,1.6,2.2,7.6,7.6,13.9
23-Aug-21,0,20.4,0,9.3,0,7,3,0,1019.5,4.4,0,9,0,70,0,12,11.9,0,2082,17.875,2.7,3.7,10.2,10.2,16.5
24-Aug-21,0,20.2,0,9.9,0,9.7,0,0.3,1021.8,5.2,0,11,0,70,0,16,9.7,0,1925,18.85,2.5,3.5,12.1,12.1,18.6
25-Aug-21,0,21.7,0,8.6,0,6.6,3,0,1018.1,4.5,0,10,0,40,0,14,10.2,0,1970,18.7,2.6,3.6,14.5,14.5,21
26-Aug-21,0,20.8,0,9.7,0,7.2,0,0,1014.7,5.5,0,10,0,60,0,18,12.4,0,2012,19.175,2.6,3.6,16.7,16.7,23.3
27-Aug-21,0,18.6,0,7.1,0,6.8,3,0,1016,5.8,0,10,0,90,0,16,9.5,0,1916,19.25,2.3,3.3,18.7,18.7,25.3
28-Aug-21,0,20.2,0,7.8,0,3.9,0,0,1018.1,3.9,0,7,0,100,0,11,12.2,0,1974,19.05,2.6,3.6,20.8,20.8,27.5
29-Aug-21,0,17.6,0,7.6,0,5,2,0,1018.3,6.2,0,11,0,60,0,16,0.5,0,837,17.575,1.4,1.9,21.9,21.9,28.6
30-Aug-21,0,15,0,10.6,0,13.8,0,0.1,1019.8,8.9,0,14,0,60,0,20,0,0,506,16.325,1,1.4,22.6,22.6,29.3
31-Aug-21,0,14.5,0,12.4,0,8.3,0,1.1,1022.8,10,0,15,0,50,0,24,0.1,0,789,15.1,1.6,2.2,22.8,22.8,29.5
01-Sep-21,0,17.3,0,8.6,0,12.2,2,0,1023.9,8.6,0,13,0,70,0,23,1.4,0, ,15.575,1.5,2.2,24,24,30.7
02-Sep-21,0,15.6,0,7.4,0,3.1,3,0,1020,8.2,0,14,0,80,0,20,0.1,0, ,14.325,1.1,1.6,24.9,24.9,31.6
03-Sep-21,0,16,0,8.7,0,4,0,0,1013.7,7.7,0,13,0,80,0,17,0,0, ,15,1,1.5,25.7,25.7,32.4
04-Sep-21,0,18.8,0,11.6,0,9.2,2,0,1008.8,6,0,10,0,130,0,16,1.5,0, ,15.875,1.6,2.1,26.8,26.8,33.6
05-Sep-21,0,21.7,0,13.3,0,11.9,2,0,1009.6,6.5,0,11,0,150,0,16,5,0, ,17.75,2.2,3,28.5,28.5,35.3
06-Sep-21,0,22.9,0,11.9,0,10.5,0,0,1012,4.2,0,7,0,90,0,12,11.1,0, ,19.45,2.3,3.1,30.3,30.3,37.1
07-Sep-21,0,21.1,0,11.4,0,8.1,0,0.1,1009.2,6,0,11,0,80,0,13,9.1,0, ,19.6,2.1,3,31.7,31.7,38.5
08-Sep-21,0,22.5,0,11.8,0,9.7,0,0.1,1001.7,5.2,0,12,0,100,0,15,1.4,0, ,18.45,1.6,2,32.7,32.7,39.6
09-Sep-21,0,20.7,0,15,0,14.8,0,8.6,995.9,4,0,9,0,140,0,14,2.6,0, ,18.65,1.6,2.1,25.2,25.2,32.1
10-Sep-21,0,20.2,0,14.7,0,14.1,0,0.1,999.5,6.7,0,16,0,280,0,19,0.8,0, ,17.7,1.4,1.8,26.2,26.2,33
11-Sep-21,0,19.4,0,11.6,0,13,2,0,1006,9,0,15,0,280,0,18,3.7,0, ,16.8,1.9,2.6,27.6,27.6,34.5
12-Sep-21,0,14.2,0,7.2,0,10.4,0,0.5,1009.8,5.5,0,9,0,350,0,14,0,0, ,14.95,0.9,1.2,27.8,27.8,34.7
13-Sep-21,0,17.1,0,6.5,0,2.7,0,1.2,1006.1,5.8,0,12,0,150,0,17,0.2,0, ,14.8,1,1.3,27.3,27.3,34.2
14-Sep-21,0,19.5,0,12.3,0,13.1,3,0,1003.4,5.1,0,9,0,80,0,12,8,0, ,17.4,2,2.8,28.8,28.8,35.7
15-Sep-21,0,18.5,0,12.1,0,9,2,0,1005.7,4.8,0,11,0,270,0,14,0.1,0, ,16.525,1.2,1.5,29.7,29.7,36.6
16-Sep-21,0,20,0,10,0,6.4,3,0,1004,5.8,0,11,0,210,0,18,2.1,0, ,15.525,1.6,2.2,30.9,30.9,37.8
17-Sep-21,0,18.2,0,12.7,0,13,0,6.3,1000.3,7.1,0,13,0,160,0,19,0,0, ,15.975,1.1,1.5,25.4,25.4,32.3
18-Sep-21,0,17.7,0,9.9,0,8.4,3,0,1002.5,5,0,9,0,90,0,12,1.9,0, ,15.3,1.4,1.9,26.5,26.5,33.4
19-Sep-21,0,18.2,0,10.3,0,6.2,0,0.1,1006,7,0,13,0,280,0,19,6.2,0, ,15.175,1.9,2.5,27.8,27.8,34.7
20-Sep-21,0,18.1,0,9.4,0,5.3,2,0,1015.8,6.9,0,13,0,290,0,15,4.8,0, ,14.55,1.6,2.3,29,29,35.9
21-Sep-21,0,17.3,0,11.7,0,9.1,2,0,1019.9,6.9,0,12,0,260,0,20,2.1,0, ,15.125,1.3,1.8,30,30,36.9
22-Sep-21,0,20.2,0,13.4,0,10.8,2,0,1014.4,9.3,0,15,0,270,0,24,7.7,0, ,15.875,2.2,3,31.6,31.6,38.5
23-Sep-21,0,19,0,12.1,0,10.7,0,0.1,1008.8,9.8,0,18,0,280,0,25,6.1,0, ,15.8,1.7,2.4,32.7,32.7,39.7
24-Sep-21,0,20.3,0,13.6,0,11.6,0,0.1,1004.9,9.7,0,16,0,260,0,25,1.3,0, ,16.2,1.7,2.1,33.8,33.8,40.7
25-Sep-21,0,22.5,0,15.2,0,14.9,2,0,1000.7,5.8,0,10,0,200,0,16,2.9,0, ,17.675,1.8,2.3,35,35,42
26-Sep-21,0,20.4,0,11.1,0,11.1,0,8.4,994,8.5,0,18,0,190,0,31,2.7,0, ,16.4,1.6,2,27.7,27.7,34.6
27-Sep-21,0,15.6,0,8.7,0,8.3,0,10.4,995.8,7.5,0,24,0,280,0,36,6.9,0, ,13.325,1.6,2.2,18.5,18.5,25.4
28-Sep-21,0,14.7,0,6.3,0,6.5,0,0.1,1000.2,8,0,19,0,290,0,25,5.5,0, ,11.725,1.6,2.1,19.7,19.7,26.6
29-Sep-21,0,14.3,0,5,0,4.1,0,1.2,1007.8,10.6,0,18,0,280,0,25,7.3,0, ,10.375,1.6,2.3,19.8,19.8,26.8
30-Sep-21,0,15.9,0,10.4,0,8.3,0,4.7,1000.3,10.2,0,21,0,270,0,31,0.1,0, ,12.65,1,1.3,15.9,15.9,22.9
